Broker,FRN,Status,Location,Broker Type
Accept Car Credit.com,711589,Active,England,Finance Brokers
Auto Finance,312683,Active,England,Finance Brokers
Auto Finance Online Limited/Auto Finance Online,832181,Active,England,Finance Brokers
AutoFunder.co.uk,723630,Active,England,Finance Brokers
Automotive Online Ltd/Quick Car Finance,764855,Active,England,Finance Brokers
Autozone UK Limited,650979,Active,England,Finance Brokers
Better Finance UK,951972,Active,Wales,Finance Brokers
Blue Fish Partnership Limited,,Disolved,England,Finance Brokers
"BMG FG (UK) Ltd/Wallace Bohen Ltd (""Parent"" to BrightCar)",928674,Active,England,Finance Brokers
Bright Car Finance Limited,927809,Active,England,Finance Brokers
Capital Fleet Solutions,816974,Active,England,Finance Brokers
Car Finance 2 U Limited,,Disolved,England,Finance Brokers
Car Finance Genie/Reynolds & Stein Company Ltd,938367,Active,England,Finance Brokers
Car Loans UK/BMG FG (UK) LTD,928674,Active,England,Finance Brokers
Carfinance247,653019,Active,England,Finance Brokers
CarFinanceCompany Ltd,,,England,Finance Brokers
CarLoan2day/Penrican Credit Limited,305661,Active,England,Finance Brokers
Carloans 365/HT Finance Ltd ,821383,Active,England,Finance Brokers
CarMoney,674094,Active,Scotland,Finance Brokers
Carplus (F&I Online Limited),731217,Active,England,Finance Brokers
Castle Credit Finance Limited/Castle Credit Finance/Auto Finance 4 U,702774,Disolved,England,Finance Brokers
Choose My Finance/Caerus Capital Limited ,802631,Active,England,Finance Brokers
Creditas Financial Solutions,661849,Active,England,Finance Brokers
Dorsia Finance Ltd,676452,Active,England,Finance Brokers
DSG Financial Services Ltd,649675,Active,England,Finance Brokers
EFT Finance Ltd,667290,Active,England,Finance Brokers
Evolution Funding,823324,Active,England,Finance Brokers
Finance Link ,,Disolved,England,Finance Brokers
Find Car Finance (Sandhurst Associates Ltd),723591,Active,England,Finance Brokers
Finset Limited,987805,Active,England,Finance Brokers
First Vehicle Finance ,658976,Active,England,Finance Brokers
Flamingo Car Finance/Flamingo Associates Ltd,808522,Active,England,Finance Brokers
Future Car Credit/Zest Vehicle Leasing Ltd,920621,Active,England,Finance Brokers
Happy Motor Finance Limited,989250,Active,England,Finance Brokers
Holmesdale Finance Limited,794742,Active,England,Finance Brokers
I3 TECHNOLOGY GROUP LIMITED/Motor.Market,915462,Disolved,England,Finance Brokers
Jigsaw Finance,679612,Active,England,Finance Brokers
Jump Car Finance/Jump Finance Ltd/Credit Plus,953084,Active,England,Finance Brokers
Kandoo Car Credit Ltd,936619,Active,England,Finance Brokers
Kennah Motor Credit,,Disolved,England,Finance Brokers
Lillian Stanley Financial Services,838153,Active,England,Finance Brokers
London & Surrey Motor Finance Ltd,668758,Disolved,England,Finance Brokers
Luv Financial Solutions Limited- Luv Car Loans,631264,Active,England,Finance Brokers
Mallard Leasing Limited/Mallard Vehicle Finance/Mallard Finance,300352,Active,England,Finance Brokers
Martin Duckworth Limited/ITC Compliance Limited ,313486,Active,England,Finance Brokers
Match Me Car Finance Ltd/Match Me Car Finance,803714,Active,England,Finance Brokers
Midlands Asset Finance Limited/MAF Finance Group,734580,Active,England,Finance Brokers
Motion Finance 2017 Limited/Motion Finance,669390,Active,England,Finance Brokers
Motiv Finance,827288,Active,England,Finance Brokers
MOTOR LAND LTD,979222,Active,England,Finance Brokers
My Credit Score Ltd/CarFinance4U,713043,Active,England,Finance Brokers
North Herts Loan Company LTD,,Disolved,England,Finance Brokers
Oasis Motor Finance Limited,757830,Active,England,Finance Brokers
Octane - WEFAC ( SS11HX),912888,Active,England,Finance Brokers
Oracle Car Finance,662576,Active,England,Finance Brokers
Pinnacle Financial Contracts Ltd/motor finance 4u,668117,Active,England,Finance Brokers
Quick Car Credit Ltd/Quick Car Credit,658361,Active,England,Finance Brokers
Streamline Car Finance Ltd,988683,Active,England,Finance Brokers
Superbike Loans Limited/Superbike Loans,671579,Active,England,Finance Brokers
TAL Marketing Group Limited t/a newlookloans,968428,Active,England,Finance Brokers
The Car Loan Warehouse Ltd,662397,Active,England,Finance Brokers
The Vehicle Financer (CW121BN),,,England,Finance Brokers
Ucan Financial Services Ltd,497010,Active,England,Finance Brokers
UK Car Finance,,,England,Finance Brokers
Unity Auto Finance Ltd,630103,Active,England,Finance Brokers
V12 Sports And Classics Ltd/Automotive Compliance Ltd,497010,Active,England,Finance Brokers
Vizion Autos Ltd,920157,Active,England,Finance Brokers
What Credit Ltd,,Disolved,England,Finance Brokers
Whichdeal Ltd/Creditplus,456327,Administration,England,Finance Brokers
Yarlet Cars Limited/Click Car Credit,769752 / 767296,Administration,England,Finance Brokers
Zuto Limited,452589,Active,England,Finance Brokers
Eurodrive Motor Finance/European Vehicle Contracts Limited,649225,Active,England,Finance Brokers
Carloans.co.uk,,,,Finance Brokers
A1 Carriages Sales Ltd (DA14AW),3709131,Active,England,Dealer-Brokers
All Electric Garages Group,307863,Active,England,Dealer-Brokers
Allen Motor Group,710890,Active,England,Dealer-Brokers
Altringham car sales,,,England,Dealer-Brokers
Arby Autos CU12 8AG,,,,Dealer-Brokers
Arnold Clark,308092,Active,Scotland,Dealer-Brokers
Ashby Motors Ltd,967455,Active,England,Dealer-Brokers
Autopoint York,707060,Active,England,Dealer-Brokers
Best Price Cars Ltd/WOOCARZ.CO.UK/WOOCARS.CO.UK,626798,Active,England,Dealer-Brokers
Bizcar (Bangkok),N/A,Active,,Dealer-Brokers
BM Motors ,968147,Active,England,Dealer-Brokers
BMC (Grays) Limited,697428,Active,England,Dealer-Brokers
Bridge End Motors ,648840,Active,England,Dealer-Brokers
Bristol Street Motors/Vertu,307324,Active,England,Dealer-Brokers
Broadway Van Centre Ltd,668114,Active,Wales,Dealer-Brokers
Buy From Us Auto Park Limited/Autopark UK,766441,Active,England,Dealer-Brokers
Car Giant Limited/Cargiant,307782,Active,England,Dealer-Brokers
Car Hub - Car dealer Harlow,653129,Active,England,Dealer-Brokers
Car shop cardiff (SYNTR),447727,Disolved,Wales,Dealer-Brokers
Car World Ltd,547472,Active,England,Dealer-Brokers
CARCRAFT IP CO LIMITED,976908,Active,England,Dealer-Brokers
Cartec Motor Company Limited,650746,Active,England,Dealer-Brokers
Central Car Sales Ltd (Lincoln),784613,Active,England,Dealer-Brokers
Century Motors (Sheffield),660553,Active,England,Dealer-Brokers
Cheshire Car Finance Ltd ,679756,Active,England,Dealer-Brokers
Cheshire Motor Traders Limited,747045,Active,England,Dealer-Brokers
Concept Car Credit Limited,659076,Active,England,Dealer-Brokers
Cotswolds cars & commercials ltd,,,England,Dealer-Brokers
Cradley Heath Motor Co Ltd,675481,Active,England,Dealer-Brokers
Cross Street Garage Swindon,,Active,England,Dealer-Brokers
Crowned Eagle Ltd,674987,Active,England,Dealer-Brokers
Croyland car megastore,503539,Active,England,Dealer-Brokers
Cuckfield Motor Company Limited,668602,Active,England,Dealer-Brokers
Cyprus Garage Limited,629700,Active,England,Dealer-Brokers
Discount Cars (South East) Ltd,665795,Active,England,Dealer-Brokers
Drive Motor Retail Limited & Minstergate Limited,670727,Active,,Dealer-Brokers
East Devon automotive ltd,713950,Active,England,Dealer-Brokers
Easy Car Finance (St13NQ),,,England,Dealer-Brokers
Evans Halshaw,464583,Active,England,Dealer-Brokers
Falling Lane Cars (UB78AAA),668266,Active,England,Dealer-Brokers
Fengate Motors ,631736,Active,England,Dealer-Brokers
Fiveways Motorcycle Centre LTD,497010,Active,,Dealer-Brokers
Fords of Winsford Limited/FOW/Graham Bell Ltd,990236,Active,England,Dealer-Brokers
Glyn Hopkin Group,313486,Active,England,Dealer-Brokers
Grashibul Automotive Services,,,,Dealer-Brokers
Greenacre Clitheroe Honda(Marshall),310503,Active,England,Dealer-Brokers
Hallmark Cars (Freckleton) Limited,679747,Active,England,Dealer-Brokers
Harley Motors Ltd ,626803,Active,England,Dealer-Brokers
Haslucks Green Motor Company Limited,835320,Active,England,Dealer-Brokers
Hawkins Motors Ltd,308817,Active,England,Dealer-Brokers
Hendy Group Limited,311625,Active,England,Dealer-Brokers
Hexton Cars Ltd,,,,Dealer-Brokers
Hippo Vehicle Solutions Limited/Hippo Finance/Hippo Motor Group,658076,Active,England,Dealer-Brokers
Hygrange Ltd,,Dissolved,England,Dealer-Brokers
International Motors Finance Limited,725002,Active,Wales,Dealer-Brokers
Irvine Car Centre (KA12ODA),673082,Active,Scotland,Dealer-Brokers
JCT600 LTD/JCT 600 (Rawdon) LTD/JCT600 (South Yorkshire) LTD,313486,Active,England,Dealer-Brokers
Launceston Commercials Ltd,,,,Dealer-Brokers
Like Car Finance ,719643,Active,England,Dealer-Brokers
Listers Group Ltd,311543,Active,England,Dealer-Brokers
Lloyd Motor Group,948182,Active,England,Dealer-Brokers
Lookers Motor Group Limited,309424,Active,England,Dealer-Brokers
Magna Five Ltd,,Active,,Dealer-Brokers
Magna Motor Group Ltd,953935,Active,England,Dealer-Brokers
Majestic Garage (Dorset),,,England,Dealer-Brokers
Manor Wood Cars Ltd,714896,Active,England,Dealer-Brokers
Marshall Motor Group,310503,Active,England,Dealer-Brokers
Martin Brothers Motor Company Ltd,,Dissolved,England,Dealer-Brokers
Mathers Motor Company Ltd/Get Car Finance Here,655143,Active,England,Dealer-Brokers
Maximum Car Credit Ltd,691782,Active,England,Dealer-Brokers
Micheal Kiernan Cars Ltd ,,,,Dealer-Brokers
Midland Car Group,735711,Active,England,Dealer-Brokers
MK Auto-Motors Limited,773874,Active,England,Dealer-Brokers
MKC Motor Group Limited,786275,Active,England,Dealer-Brokers
MOTOR LAND 2008 LIMITED,666717,Active,England,Dealer-Brokers
Motor link cars / Motor Link Cars,653019?,Active,England,Dealer-Brokers
Motor Outlet Limited/Motor Range,655751,Active,England,Dealer-Brokers
Motoring Depot (Scunthorpe),,,England,Dealer-Brokers
Motorpoint Ltd,684004,Active,England,Dealer-Brokers
Mr Motorz Limited ,786917,Active,England,Dealer-Brokers
N&N Motors Ltd,655715,Active,England,Dealer-Brokers
Niddrie Motor Company,509844,Active,Scotland,Dealer-Brokers
NVD LTD/Brooklands Motor Centres,652893,Active,England,Dealer-Brokers
OMC Changan - Accrington ,307305,Active,England,Dealer-Brokers
OMC Changan - Oldham,307305,Active,England,Dealer-Brokers
OMC Ford Accrington ,307305,Active,England,Dealer-Brokers
OMC Ford Rochdale ,307305,Active,England,Dealer-Brokers
OMC Ford Transit Centre ,307305,Active,England,Dealer-Brokers
OMC KIA Oldham,307305,Active,England,Dealer-Brokers
OMC Kia PBV Oldham,307305,Active,England,Dealer-Brokers
OMC Motor Group ,307305,Active,England,Dealer-Brokers
Optimum Bikes Ltd ,787177,Active,England,Dealer-Brokers
Optimum Vehicle Group,657828,Active,England,Dealer-Brokers
Optimum Vehicles,,,,Dealer-Brokers
P.W.Millar Limited,671777,Active,Wales,Dealer-Brokers
Park’s of Hamilton (Holdings) Ltd/Park’s of Hamilton (Townhead Garage) Ltd,308476,Active,Scotland,Dealer-Brokers
Porsche Centre/Pendragon Sabre Limited,312666,Active,England,Dealer-Brokers
PSD Car Sales ,,,,Dealer-Brokers
Quarterbridge Cars Limited ,955327,Active,England,Dealer-Brokers
R&S Performance NW Ltd,829838,Active,England,Dealer-Brokers
RDM DIRECT LIMITED,747561,Active,England,Dealer-Brokers
Really Easy Car Credit ,689921,Active,England,Dealer-Brokers
REGENCY CARS NEWTOWNARDS LIMITED,660161,Active,England,Dealer-Brokers
Richmond Car Sales (Hyde),653112,Active,England,Dealer-Brokers
Rix Motor Company Ltd T/A Accept Car Finance ,656238,Active,England,Dealer-Brokers
Robert Edward Norridge/Moxley Car Centre,744964,Active,England,Dealer-Brokers
Romiley car sales,780106,Active,England,Dealer-Brokers
RRG,668548,Active,England,Dealer-Brokers
Runnymede Motor Company Ltd,747300,Active,England,Dealer-Brokers
Sarah Cox Cars Ltd,428785,Active,England,Dealer-Brokers
SJA vehicle sales ltd/Odyssey Vans Limited,820144,Active,England,Dealer-Brokers
Skymotion / Skyeautos ltd,,Disolved,England,Dealer-Brokers
Steven Eagell Group Ltd,671531,Active,England,Dealer-Brokers
Stewart Vehicles Ltd (TQ125UA),952207,Active,England,Dealer-Brokers
Stoneacre/Decidebloom Limited,308726,Active,England,Dealer-Brokers
Suffolk Car Centre Limited ,800559,Active,England,Dealer-Brokers
Superbike Factory ltd,649102,Active,England,Dealer-Brokers
Sytner Group/Guy Salmon,310540,Active,England,Dealer-Brokers
The Car Link South Wales ,834692,Active,Wales,Dealer-Brokers
The Value Car Centre ,657461,Active,England,Dealer-Brokers
Thunder Road Motor Cycles Ltd ,497010,Dissolved,England,Dealer-Brokers
Tiley Motors Ltd,845931,Active,England,Dealer-Brokers
Tony Luxford / Lytham car sales,716756,Active,England,Dealer-Brokers
Toomey Motor Group Limited/ITC Compliance Limited,313486,Active,England,Dealer-Brokers
Town Autos Limited Bedford,685821,Active,England,Dealer-Brokers
Trade Centre ,689365,Active,England,Dealer-Brokers
TTS Car Sales ,659809,Active,England,Dealer-Brokers
Tunstall Trade Car Sales,,Dissolved,,Dealer-Brokers
V&M Enterprises Ltd/Prime Motors Essex,783772,Active,,Dealer-Brokers
Van Finance Company /Vansco Ltd,673442,Active,England,Dealer-Brokers
Van Monster Bristol ,,,,Dealer-Brokers
Vospers Motor House Ltd/Vospers,310773,Active,England,Dealer-Brokers
W.Brindley(Garages)Limited,689220,Active,England,Dealer-Brokers
Walter Marks Cars ,,,England,Dealer-Brokers
Warsop Motor Company Limited/Warsop Motors/ITC Compliance Ltd,313486,Active,England,Dealer-Brokers
Waterlooville Car Supermarket,,,England,Dealer-Brokers
Whatever Wheels Ltd,723304,Active,England,Dealer-Brokers
Williams Motor Co (Holdings) Ltd,412069,Active,England,Dealer-Brokers
Woodcrate Motors Ltd (S711HX),781943,Active,England,Dealer-Brokers
OMC Ford Oldham,,,,Dealer-Brokers
DW Motorcycles,,,,Dealer-Brokers
Bees Motors (PE389NP),,,,Dealer-Brokers
KBC INT LTD/Kings Bromley Cars Ltd,,,,Dealer-Brokers
Canvey Carridge Company ,,,,Dealer-Brokers
Whitegate Motors (Blackpool),,,,Dealer-Brokers
Bellevue Garage Limited,,,,Dealer-Brokers
KT Cars Ltd,,,,Dealer-Brokers
German Motors Ltd,,,,Dealer-Brokers
I&S Car Centre,,,,Dealer-Brokers
T.L.Darby Ltd,309930,Dissolved,England,Dealer-Brokers
Chris Boston Car Sales Limited/Aldenham Cars,668115,Dissolved,England,Dealer-Brokers
DJC Sports Cars,N/A,Active,England,Dealer-Brokers
Car Finance R Us,792998,Active,England,Dealer-Brokers
Jespa Limited/Fleetwood Car Centre,309567,Active,England,Dealer-Brokers
Tynemouth Motor Company Select Cars,711279,Active,England,Dealer-Brokers
Donnelly Group Limited,,Active,Ireland,Dealer-Brokers
R Simpson Motors Ltd,667116,Active,Scotland,Dealer-Brokers
Craig’s Motorcycles Limited,655189,Active,England,Dealer-Brokers
GT Motorcycles (2012) Ltd,671095,Active,England,Dealer-Brokers
Trade Cars Cleckheaton Ltd,,Dissolved,England,Dealer-Brokers
Newtabb limited,,Dissolved,England,Dealer-Brokers
SM Specialist Cars Ltd,668308,Active,England,Dealer-Brokers
Hartshill Car Sales ( Telford) Ltd,689170,Active,England,Dealer-Brokers
Wilson & Co. (Motor Sales) Limited,,Active,England,Dealer-Brokers
ACF Car Finance Limited,,,,Dealer-Brokers
Corner Garage Cars Limited ,,,,Dealer-Brokers
Quality Part X ??????? Check,???,???,???,Dealer-Brokers
Cesil Motors Limited,,,,Dealer-Brokers
David Brown Cars,,,,Dealer-Brokers
T.L.Darby Ltd,,,,Dealer-Brokers
Ayaan Motors Ltd,,,,Dealer-Brokers
Mann Egerton (Swindon) (Volkswagen Group Retail UK/VW Group UK),464440,Active,England,Manufacturer Brokers
Renault Retail Group UK Limited (RR Group),311797,Active,England,Manufacturer Brokers
Stellantis & you/Robins & Day,497010,Active,England,Manufacturer Brokers
TrustFord (Ford Retail Ltd),312254,Active,England,Manufacturer Brokers
Ayr Audi,309424,Active,England,Lookers
Basingstoke Audi,309424,Active,England,Lookers
Chester Vauxhall Van Centre,309424,Active,England,Lookers
Cupra Stockport,309424,Active,England,Lookers
Farnborough Audi,309424,Active,England,Lookers
Glasgow Audi,309424,Active,England,Lookers
Guildford Audi,309424,Active,England,Lookers
Gwm Lookers Braintree,309424,Active,England,Lookers
Lookers Byd Middlesbrough,309424,Active,England,Lookers
Lookers Byd Sheffield,309424,Active,England,Lookers
Lookers Car Hub Birmingham,309424,Active,England,Lookers
Lookers Car Hub Middlesbrough,309424,Active,England,Lookers
Lookers Car Hub Middlesbrough – Ford Approved Servicing,309424,Active,England,Lookers
Lookers Car Hub South Shields,309424,Active,England,Lookers
Lookers Changan Birmingham,309424,Active,England,Lookers
Lookers Changan Middlesbrough,309424,Active,England,Lookers
Lookers Changan Newcastle,309424,Active,England,Lookers
Lookers Corvette Colchester,309424,Active,England,Lookers
Lookers Crewe Bmw,309424,Active,England,Lookers
Lookers Crewe Mini,309424,Active,England,Lookers
Lookers Dacia Carlisle,309424,Active,England,Lookers
Lookers Dacia Chester,309424,Active,England,Lookers
Lookers Dacia Newcastle,309424,Active,England,Lookers
Lookers Dacia Stockport,309424,Active,England,Lookers
Lookers Ford Braintree,309424,Active,England,Lookers
Lookers Ford Chelmsford,309424,Active,England,Lookers
Lookers Ford Chelmsford Transit Centre,309424,Active,England,Lookers
Lookers Ford Colchester,309424,Active,England,Lookers
Lookers Ford Colchester Transit Centre,309424,Active,England,Lookers
Lookers Ford Gateshead,309424,Active,England,Lookers
Lookers Ford Leeds,309424,Active,England,Lookers
Lookers Ford Leeds Transit Centre,309424,Active,England,Lookers
Lookers Ford Middlesbrough,309424,Active,England,Lookers
Lookers Ford Middlesbrough Transit Centre,309424,Active,England,Lookers
Lookers Ford Sheffield,309424,Active,England,Lookers
Lookers Ford Sheffield Transit Centre,309424,Active,England,Lookers
Lookers Ford South Woodham Ferrers,309424,Active,England,Lookers
Lookers Ford Sudbury,309424,Active,England,Lookers
Lookers Ford Transit Centre Gateshead,309424,Active,England,Lookers
Lookers Jaguar Buckinghamshire,309424,Active,England,Lookers
Lookers Jaguar Chelmsford Service Centre,309424,Active,England,Lookers
Lookers Jaguar West London,309424,Active,England,Lookers
Lookers Kia Chester,309424,Active,England,Lookers
Lookers Kia Newcastle,309424,Active,England,Lookers
Lookers Kia Stockport,309424,Active,England,Lookers
Lookers Land Rover Bishops Stortford,309424,Active,England,Lookers
Lookers Land Rover Buckinghamshire,309424,Active,England,Lookers
Lookers Land Rover Chelmsford,309424,Active,England,Lookers
Lookers Land Rover Colchester,309424,Active,England,Lookers
Lookers Land Rover West London,309424,Active,England,Lookers
Lookers Mg Brighton,309424,Active,England,Lookers
Lookers Nissan Carlisle,309424,Active,England,Lookers
Lookers Nissan Chester,309424,Active,England,Lookers
Lookers Nissan Gateshead,309424,Active,England,Lookers
Lookers Nissan Leeds,309424,Active,England,Lookers
Lookers Nissan Newcastle,309424,Active,England,Lookers
Lookers Nissan Sunderland,309424,Active,England,Lookers
Lookers Renault Carlisle,309424,Active,England,Lookers
Lookers Renault Chester,309424,Active,England,Lookers
Lookers Renault Newcastle,309424,Active,England,Lookers
Lookers Renault Stockport,309424,Active,England,Lookers
Lookers Seat Stockport,309424,Active,England,Lookers
Lookers Skoda Guildford,309424,Active,England,Lookers
Lookers Skoda Newcastle,309424,Active,England,Lookers
Lookers Skoda Stockport,309424,Active,England,Lookers
Lookers Stafford Bmw,309424,Active,England,Lookers
Lookers Stafford Mini,309424,Active,England,Lookers
Lookers Stoke-On-Trent Bmw,309424,Active,England,Lookers
Lookers Stoke-On-Trent Mini,309424,Active,England,Lookers
Lookers Vauxhall Chester,309424,Active,England,Lookers
Lookers Vauxhall Ellesmere Port,309424,Active,England,Lookers
Lookers Vauxhall Liverpool,309424,Active,England,Lookers
Lookers Vauxhall St Helens,309424,Active,England,Lookers
Lookers Volkswagen Battersea,309424,Active,England,Lookers
Lookers Volkswagen Blackburn,309424,Active,England,Lookers
Lookers Volkswagen Blackpool,309424,Active,England,Lookers
Lookers Volkswagen Carlisle,309424,Active,England,Lookers
Lookers Volkswagen Darlington,309424,Active,England,Lookers
Lookers Volkswagen Guildford,309424,Active,England,Lookers
Lookers Volkswagen Newcastle,309424,Active,England,Lookers
Lookers Volkswagen Northallerton,309424,Active,England,Lookers
Lookers Volkswagen Preston,309424,Active,England,Lookers
Lookers Volkswagen Silverlink,309424,Active,England,Lookers
Lookers Volkswagen Teesside,309424,Active,England,Lookers
Lookers Volkswagen Van Centre Carlisle,309424,Active,England,Lookers
Lookers Volkswagen Van Centre Glasgow,309424,Active,England,Lookers
Lookers Volkswagen Van Centre Guildford,309424,Active,England,Lookers
Lookers Volkswagen Van Centre Newcastle,309424,Active,England,Lookers
Lookers Volkswagen Van Centre Teesside,309424,Active,England,Lookers
Lookers Volkswagen Walton,309424,Active,England,Lookers
Lookers Volvo Bishop’s Stortford,309424,Active,England,Lookers
Lookers Volvo Chelmsford,309424,Active,England,Lookers
Lookers Volvo Colchester,309424,Active,England,Lookers
Lookers Volvo Glasgow,309424,Active,Scotland,Lookers
Lookers Volvo Stockport,309424,Active,England,Lookers
Mercedes-Benz Of Ashford,309424,Active,England,Lookers
Mercedes-Benz Of Brighton,309424,Active,England,Lookers
Mercedes-Benz Of Canterbury,309424,Active,England,Lookers
Mercedes-Benz Of Eastbourne,309424,Active,England,Lookers
Mercedes-Benz Of Gatwick,309424,Active,England,Lookers
Mercedes-Benz Of Maidstone,309424,Active,England,Lookers
Mercedes-Benz Of Shrewsbury,309424,Active,England,Lookers
Mercedes-Benz Of Stafford,309424,Active,England,Lookers
Mercedes-Benz Of Stoke,309424,Active,England,Lookers
Mercedes-Benz Of Stourbridge,309424,Active,England,Lookers
Mercedes-Benz Of Tonbridge,309424,Active,England,Lookers
Mercedes-Benz Of Wolverhampton,309424,Active,England,Lookers
Mercedes-Benz Of Worcester,309424,Active,England,Lookers
Newcastle Audi,309424,Active,England,Lookers
Polestar Glasgow,309424,Active,Scotland,Lookers
Polestar Wilmslow,309424,Active,England,Lookers
Smart Of Brighton,309424,Active,England,Lookers
Smart Of Maidstone,309424,Active,England,Lookers
Teesside Audi,309424,Active,England,Lookers
Tyneside Audi,309424,Active,England,Lookers
Wearside Audi,309424,Active,England,Lookers
Coventry Audi,311543,Active,England,Listers
Stratford Audi,311543,Active,England,Listers
Worcester Audi,311543,Active,England,Listers
Listers Boston (BMW),311543,Active,England,Listers
Listers King’s Lynn (BMW),311543,Active,England,Listers
Listers CUPRA Coventry,311543,Active,England,Listers
Listers CUPRA Worcester,311543,Active,England,Listers
Listers Honda Northampton,311543,Active,England,Listers
Listers Honda Solihull,311543,Active,England,Listers
Listers Honda Stratford-upon-Avon,311543,Active,England,Listers
Listers OMODA JAECOO Solihull,311543,Active,England,Listers
Listers Land Rover Droitwich,311543,Active,England,Listers
Listers Land Rover Hereford,311543,Active,England,Listers
Listers Land Rover Solihull,311543,Active,England,Listers
Lexus Bristol,311543,Active,England,Listers
Lexus Cheltenham,311543,Active,England,Listers
Lexus Coventry,311543,Active,England,Listers
Lexus Lincoln,311543,Active,England,Listers
Listers U Hereford,311543,Active,England,Listers
Listers U Northampton,311543,Active,England,Listers
Listers U Solihull,311543,Active,England,Listers
Listers U Stratford-upon-Avon,311543,Active,England,Listers
Mercedes-Benz of Lincoln Vans,311543,Active,England,Listers
Mercedes-Benz of Boston,311543,Active,England,Listers
Mercedes-Benz of Grimsby,311543,Active,England,Listers
Mercedes-Benz of Hull,311543,Active,England,Listers
Mercedes-Benz of Lincoln,311543,Active,England,Listers
Listers MG Northampton,311543,Active,England,Listers
Listers MG Solihull,311543,Active,England,Listers
Listers Boston (MINI),311543,Active,England,Listers
Listers King’s Lynn (MINI),311543,Active,England,Listers
Listers OMODA JAECOO Solihull,311543,Active,England,Listers
Porsche Centre Hull,311543,Active,England,Listers
Listers SEAT Coventry,311543,Active,England,Listers
Listers SEAT Worcester,311543,Active,England,Listers
Listers Service Centre Banbury,311543,Active,England,Listers
Listers Škoda Coventry,311543,Active,England,Listers
smart at Mercedes-Benz of Hull,311543,Active,England,Listers
smart at Mercedes-Benz of Lincoln,311543,Active,England,Listers
Listers Toyota Boston,311543,Active,England,Listers
Listers Toyota Bristol (North),311543,Active,England,Listers
Listers Toyota Bristol (South),311543,Active,England,Listers
Listers Toyota Cheltenham,311543,Active,England,Listers
Listers Toyota Coventry,311543,Active,England,Listers
Listers Toyota Grantham,311543,Active,England,Listers
Listers Toyota Lincoln,311543,Active,England,Listers
Listers Toyota Nuneaton,311543,Active,England,Listers
Listers Toyota Stratford-upon-Avon,311543,Active,England,Listers
Listers Volkswagen Coventry,311543,Active,England,Listers
Listers Volkswagen Evesham,311543,Active,England,Listers
Listers Volkswagen Loughborough,311543,Active,England,Listers
Listers Volkswagen Nuneaton,311543,Active,England,Listers
Listers Volkswagen Stratford-upon-Avon,311543,Active,England,Listers
Listers Volkswagen Worcester,311543,Active,England,Listers
Listers Volkswagen Van Centre Coventry,311543,Active,England,Listers
Listers Volkswagen Van Centre Worcestershire,311543,Active,England,Listers
Listers Volkswagen Van Service Centre Stratford-upon-Avon,311543,Active,England,Listers
Listers Leamington Spa – Volvo Cars,311543,Active,England,Listers
Listers Worcester – Volvo Cars,311543,Active,England,Listers
Evans Halshaw Abarth Mansfield,312666,Active,England,Evans Halshaw
Evans Halshaw Alpine Manchester,312666,Active,England,Evans Halshaw
Evans Halshaw Citroen Bedford,312666,Active,England,Evans Halshaw
Evans Halshaw Citroen Cardiff,312666,Active,Wales,Evans Halshaw
Evans Halshaw Citroen Doncaster,312666,Active,England,Evans Halshaw
Evans Halshaw Citroen Hull,312666,Active,England,Evans Halshaw
Evans Halshaw Citroen Leeds,312666,Active,England,Evans Halshaw
Evans Halshaw Citroen Mansfield,312666,Active,England,Evans Halshaw
Evans Halshaw Citroen Nottingham,312666,Active,England,Evans Halshaw
Evans Halshaw Citroen Rotherham,312666,Active,England,Evans Halshaw
Evans Halshaw Citroen Sheffield,312666,Active,England,Evans Halshaw
Evans Halshaw Citroen York,312666,Active,England,Evans Halshaw
Evans Halshaw Dacia Durham,312666,Active,Scotland,Evans Halshaw
Evans Halshaw Dacia Edinburgh,312666,Active,England,Evans Halshaw
Evans Halshaw Dacia Manchester,312666,Active,England,Evans Halshaw
Evans Halshaw Dacia Middlesbrough,312666,Active,England,Evans Halshaw
Evans Halshaw Dacia Sunderland,312666,Active,England,Evans Halshaw
Evans Halshaw DS Salon Cardiff,312666,Active,Wales,Evans Halshaw
Evans Halshaw DS Salon York,312666,Active,England,Evans Halshaw
Evans Halshaw Fiat Hull,312666,Active,England,Evans Halshaw
Evans Halshaw Fiat Mansfield,312666,Active,England,Evans Halshaw
Evans Halshaw Ford Altrincham,312666,Active,England,Evans Halshaw
Evans Halshaw Ford Ashton under Lyne,312666,Active,England,Evans Halshaw
Evans Halshaw Ford Bedford,312666,Active,England,Evans Halshaw
Evans Halshaw Ford Blackburn,312666,Active,England,Evans Halshaw
Evans Halshaw Ford Blackpool,312666,Active,England,Evans Halshaw
Evans Halshaw Ford Burnley,312666,Active,England,Evans Halshaw
Evans Halshaw Ford Bury,312666,Active,England,Evans Halshaw
Evans Halshaw Ford Cardiff,312666,Active,Wales,Evans Halshaw
Evans Halshaw Ford Chester,312666,Active,England,Evans Halshaw
Evans Halshaw Ford Chorley,312666,Active,England,Evans Halshaw
Evans Halshaw Ford Coatbridge,312666,Active,England,Evans Halshaw
Evans Halshaw Ford Darlington,312666,Active,England,Evans Halshaw
Evans Halshaw Ford East Kilbride,312666,Active,Scotland,Evans Halshaw
Evans Halshaw Ford Gainsborough,312666,Active,England,Evans Halshaw
Evans Halshaw Ford Glasgow,312666,Active,Scotland,Evans Halshaw
Evans Halshaw Ford Hull,312666,Active,England,Evans Halshaw
Evans Halshaw Ford Lincoln,312666,Active,England,Evans Halshaw
Evans Halshaw Ford Merthyr Tydfil,312666,Active,Wales,Evans Halshaw
Evans Halshaw Ford Middlesbrough,312666,Active,England,Evans Halshaw
Evans Halshaw Ford Milton Keynes,312666,Active,England,Evans Halshaw
Evans Halshaw Ford Motherwell,312666,Active,Scotland,Evans Halshaw
Evans Halshaw Ford Old Trafford,312666,Active,England,Evans Halshaw
Evans Halshaw Ford Preston,312666,Active,England,Evans Halshaw
Evans Halshaw Ford Walsall,312666,Active,England,Evans Halshaw
Evans Halshaw Ford Wolverhampton,312666,Active,England,Evans Halshaw
Evans Halshaw Ford Wrexham,312666,Active,Wales,Evans Halshaw
Evans Halshaw Ford Transit Centre Bretton,312666,Active,Wales,Evans Halshaw
Evans Halshaw Ford Transit Centre Coatbridge,312666,Active,England,Evans Halshaw
Evans Halshaw Ford Transit Centre Glasgow,312666,Active,Scotland,Evans Halshaw
Evans Halshaw Ford Transit Centre Manchester,312666,Active,England,Evans Halshaw
Evans Halshaw Genesis Leeds,312666,Active,England,Evans Halshaw
Evans Halshaw Genesis Leicester,312666,Active,England,Evans Halshaw
Evans Halshaw Genesis Warrington,312666,Active,England,Evans Halshaw
Evans Halshaw Hyundai Gateshead,312666,Active,England,Evans Halshaw
Evans Halshaw Hyundai Leeds,312666,Active,England,Evans Halshaw
Evans Halshaw Hyundai Leicester,312666,Active,England,Evans Halshaw
Evans Halshaw Hyundai Milton Keynes,312666,Active,England,Evans Halshaw
Evans Halshaw Hyundai Warrington,312666,Active,England,Evans Halshaw
Evans Halshaw Jeep Hull,312666,Active,England,Evans Halshaw
Evans Halshaw Kia Hull,312666,Active,England,Evans Halshaw
Evans Halshaw Kia Stourbridge,312666,Active,England,Evans Halshaw
Evans Halshaw Leapmotor Hull,312666,Active,England,Evans Halshaw
Evans Halshaw Leapmotor Leeds,312666,Active,England,Evans Halshaw
Evans Halshaw MG Banbury,312666,Active,England,Evans Halshaw
Evans Halshaw MG Grantham,312666,Active,England,Evans Halshaw
Evans Halshaw MG Hull,312666,Active,England,Evans Halshaw
Evans Halshaw MG York,312666,Active,England,Evans Halshaw
Evans Halshaw Peugeot Doncaster,312666,Active,England,Evans Halshaw
Evans Halshaw Peugeot Hull,312666,Active,England,Evans Halshaw
Evans Halshaw Peugeot Leeds,312666,Active,England,Evans Halshaw
Evans Halshaw Peugeot Mansfield,312666,Active,England,Evans Halshaw
Evans Halshaw Peugeot Wakefield,312666,Active,England,Evans Halshaw
Evans Halshaw Peugeot York,312666,Active,England,Evans Halshaw
Evans Halshaw Renault Durham,312666,Active,England,Evans Halshaw
Evans Halshaw Renault Edinburgh West,312666,Active,Scotland,Evans Halshaw
Evans Halshaw Renault Manchester,312666,Active,England,Evans Halshaw
Evans Halshaw Renault Middlesbrough,312666,Active,England,Evans Halshaw
Evans Halshaw Renault Sunderland,312666,Active,England,Evans Halshaw
Evans Halshaw Vauxhall Bedford,312666,Active,England,Evans Halshaw
Evans Halshaw Vauxhall Cardiff,312666,Active,Wales,Evans Halshaw
Evans Halshaw Vauxhall Falkirk,312666,Active,Scotland,Evans Halshaw
Evans Halshaw Vauxhall Gateshead,312666,Active,England,Evans Halshaw
Evans Halshaw Vauxhall Horsforth,312666,Active,England,Evans Halshaw
Evans Halshaw Vauxhall Hull West,312666,Active,England,Evans Halshaw
Evans Halshaw Vauxhall Kilmarnock,312666,Active,Scotland,Evans Halshaw
Evans Halshaw Vauxhall Leeds,312666,Active,England,Evans Halshaw
Evans Halshaw Vauxhall Middlesbrough,312666,Active,England,Evans Halshaw
Evans Halshaw Vauxhall Newport,312666,Active,Wales,Evans Halshaw
Evans Halshaw Vauxhall Nottingham,312666,Active,England,Evans Halshaw
Evans Halshaw Vauxhall Shiremoor,312666,Active,England,Evans Halshaw
Evans Halshaw Vauxhall Wakefield,312666,Active,England,Evans Halshaw
Evans Halshaw Vauxhall Wigan,312666,Active,England,Evans Halshaw
Evans Halshaw Vauxhall York,312666,Active,England,Evans Halshaw
Chesterfield Volvo,308726,,,Stoneacre Decidebloom
Clearway Car Credit,308726,,,Stoneacre Decidebloom
Grimsby Volvo,308726,,,Stoneacre Decidebloom
Harleyworld,308726,,,Stoneacre Decidebloom
Harrogate Volvo,308726,,,Stoneacre Decidebloom
Lexus Newcastle,308726,,,Stoneacre Decidebloom
Lexus Teesside,308726,,,Stoneacre Decidebloom
Lincoln Volvo,308726,,,Stoneacre Decidebloom
Newark Motor Auctions,308726,,,Stoneacre Decidebloom
Newcastle Volvo,308726,,,Stoneacre Decidebloom
Partsworld,308726,,,Stoneacre Decidebloom
Robinhood Harley Davidson,308726,,,Stoneacre Decidebloom
Sheffield Volvo,308726,,,Stoneacre Decidebloom
Speed Six,308726,,,Stoneacre Decidebloom
Stockton Volvo,308726,,,Stoneacre Decidebloom
Stoneacre,308726,,,Stoneacre Decidebloom
Stoneacre Ackworth Suzuki,308726,,,Stoneacre Decidebloom
Stoneacre Blackburn Dacia,308726,,,Stoneacre Decidebloom
Stoneacre Blackburn Renault,308726,,,Stoneacre Decidebloom
Stoneacre Blackburn Vauxhall,308726,,,Stoneacre Decidebloom
Stoneacre Car Specialists,308726,,,Stoneacre Decidebloom
Stoneacre Car Supermarket,308726,,,Stoneacre Decidebloom
Stoneacre Chesterfield Abarth,308726,,,Stoneacre Decidebloom
Stoneacre Chesterfield Alfa Romeo,308726,,,Stoneacre Decidebloom
Stoneacre Chesterfield Citroen,308726,,,Stoneacre Decidebloom
Stoneacre Chesterfield Cupra,308726,,,Stoneacre Decidebloom
Stoneacre Chesterfield Dacia,308726,,,Stoneacre Decidebloom
Stoneacre Chesterfield Fiat,308726,,,Stoneacre Decidebloom
Stoneacre Chesterfield Honda,308726,,,Stoneacre Decidebloom
Stoneacre Chesterfield Hyundai,308726,,,Stoneacre Decidebloom
Stoneacre Chesterfield Peugeot,308726,,,Stoneacre Decidebloom
Stoneacre Chesterfield Renault,308726,,,Stoneacre Decidebloom
Stoneacre Chesterfield Seat,308726,,,Stoneacre Decidebloom
Stoneacre Chesterfield Suzuki,308726,,,Stoneacre Decidebloom
Stoneacre Chesterfield Volvo,308726,,,Stoneacre Decidebloom
Stoneacre Cleckheaton Abarth,308726,,,Stoneacre Decidebloom
Stoneacre Cleckheaton Fiat,308726,,,Stoneacre Decidebloom
Stoneacre Cleckheaton Ford,308726,,,Stoneacre Decidebloom
Stoneacre Cleckheaton Jeep,308726,,,Stoneacre Decidebloom
Stoneacre Darlington Dacia,308726,,,Stoneacre Decidebloom
Stoneacre Darlington Renault,308726,,,Stoneacre Decidebloom
Stoneacre Darlington Toyota,308726,,,Stoneacre Decidebloom
Stoneacre Derby Abarth,308726,,,Stoneacre Decidebloom
Stoneacre Derby Fiat,308726,,,Stoneacre Decidebloom
Stoneacre Derby MG,308726,,,Stoneacre Decidebloom
Stoneacre Dewsbury Peugeot,308726,,,Stoneacre Decidebloom
Stoneacre Doncaster,308726,,,Stoneacre Decidebloom
Stoneacre Doncaster Abarth,308726,,,Stoneacre Decidebloom
Stoneacre Doncaster Alfa Romeo,308726,,,Stoneacre Decidebloom
Stoneacre Doncaster Cupra,308726,,,Stoneacre Decidebloom
Stoneacre Doncaster Fiat,308726,,,Stoneacre Decidebloom
Stoneacre Doncaster Ford,308726,,,Stoneacre Decidebloom
Stoneacre Doncaster Jeep,308726,,,Stoneacre Decidebloom
Stoneacre Doncaster Mazda,308726,,,Stoneacre Decidebloom
Stoneacre Doncaster MG,308726,,,Stoneacre Decidebloom
Stoneacre Doncaster Seat,308726,,,Stoneacre Decidebloom
Stoneacre Doncaster Site B,308726,,,Stoneacre Decidebloom
Stoneacre Doncaster Suzuki,308726,,,Stoneacre Decidebloom
Stoneacre Doncaster Transit Centre,308726,,,Stoneacre Decidebloom
Stoneacre Durham Kia,308726,,,Stoneacre Decidebloom
Stoneacre Durham Suzuki,308726,,,Stoneacre Decidebloom
Stoneacre Durham Toyota,308726,,,Stoneacre Decidebloom
Stoneacre Finance,308726,,,Stoneacre Decidebloom
Stoneacre Financial Services,308726,,,Stoneacre Decidebloom
Stoneacre Gateshead Mazda,308726,,,Stoneacre Decidebloom
Stoneacre Gateshead Toyota,308726,,,Stoneacre Decidebloom
Stoneacre Goole Ford,308726,,,Stoneacre Decidebloom
Stoneacre Grantham Fiat,308726,,,Stoneacre Decidebloom
Stoneacre Grimsby Abarth,308726,,,Stoneacre Decidebloom
Stoneacre Grimsby Fiat,308726,,,Stoneacre Decidebloom
Stoneacre Grimsby Kia,308726,,,Stoneacre Decidebloom
Stoneacre Grimsby Volvo,308726,,,Stoneacre Decidebloom
Stoneacre Halifax Ford,308726,,,Stoneacre Decidebloom
Stoneacre Halifax Mazda,308726,,,Stoneacre Decidebloom
Stoneacre Harrogate Ford,308726,,,Stoneacre Decidebloom
Stoneacre Harrogate Mazda,308726,,,Stoneacre Decidebloom
Stoneacre Harrogate Volvo,308726,,,Stoneacre Decidebloom
Stoneacre Hull Mazda,308726,,,Stoneacre Decidebloom
Stoneacre Hull Suzuki,308726,,,Stoneacre Decidebloom
Stoneacre Hyde Fiat,308726,,,Stoneacre Decidebloom
Stoneacre Hyde MG,308726,,,Stoneacre Decidebloom
Stoneacre Leasing,308726,,,Stoneacre Decidebloom
Stoneacre Lincoln Abarth,308726,,,Stoneacre Decidebloom
Stoneacre Lincoln Fiat,308726,,,Stoneacre Decidebloom
Stoneacre Lincoln Kia,308726,,,Stoneacre Decidebloom
Stoneacre Lincoln Suzuki,308726,,,Stoneacre Decidebloom
Stoneacre Lincoln Volvo,308726,,,Stoneacre Decidebloom
Stoneacre Liverpool Abarth,308726,,,Stoneacre Decidebloom
Stoneacre Middlesbrough MG,308726,,,Stoneacre Decidebloom
Stoneacre Middlesbrough Suzuki,308726,,,Stoneacre Decidebloom
Stoneacre Motor Group,308726,,,Stoneacre Decidebloom
Stoneacre Newcastle Abarth,308726,,,Stoneacre Decidebloom
Stoneacre Newcastle Alfa Romeo,308726,,,Stoneacre Decidebloom
Stoneacre Newcastle Fiat,308726,,,Stoneacre Decidebloom
Stoneacre Newcastle Jeep,308726,,,Stoneacre Decidebloom
Stoneacre Newcastle Mazda,308726,,,Stoneacre Decidebloom
Stoneacre Newcastle Suzuki,308726,,,Stoneacre Decidebloom
Stoneacre Newcastle Toyota,308726,,,Stoneacre Decidebloom
Stoneacre Newcastle Volvo,308726,,,Stoneacre Decidebloom
Stoneacre Northallerton Dacia,308726,,,Stoneacre Decidebloom
Stoneacre Northallerton Renault,308726,,,Stoneacre Decidebloom
Stoneacre Northallerton Toyota,308726,,,Stoneacre Decidebloom
Stoneacre Nottingham Abarth,308726,,,Stoneacre Decidebloom
Stoneacre Nottingham Fiat,308726,,,Stoneacre Decidebloom
Stoneacre Nottingham MG,308726,,,Stoneacre Decidebloom
Stoneacre Nottingham Suzuki,308726,,,Stoneacre Decidebloom
Stoneacre Peterborough,308726,,,Stoneacre Decidebloom
Stoneacre Peterborough Cupra,308726,,,Stoneacre Decidebloom
Stoneacre Peterborough Fiat,308726,,,Stoneacre Decidebloom
Stoneacre Peterborough Jeep,308726,,,Stoneacre Decidebloom
Stoneacre Peterborough Seat,308726,,,Stoneacre Decidebloom
Stoneacre Peterborough Suzuki,308726,,,Stoneacre Decidebloom
Stoneacre Rochdale Fiat,308726,,,Stoneacre Decidebloom
Stoneacre Rochdale MG,308726,,,Stoneacre Decidebloom
Stoneacre Rotherham Dacia,308726,,,Stoneacre Decidebloom
Stoneacre Rotherham Fiat,308726,,,Stoneacre Decidebloom
Stoneacre Rotherham Renault,308726,,,Stoneacre Decidebloom
Stoneacre Scarborough Ford,308726,,,Stoneacre Decidebloom
Stoneacre Scarborough Vauxhall,308726,,,Stoneacre Decidebloom
Stoneacre Scunthorpe Fiat,308726,,,Stoneacre Decidebloom
Stoneacre Select,308726,,,Stoneacre Decidebloom
Stoneacre Sheffield Fiat,308726,,,Stoneacre Decidebloom
Stoneacre Sheffield Honda,308726,,,Stoneacre Decidebloom
Stoneacre Sheffield Hyundai,308726,,,Stoneacre Decidebloom
Stoneacre Sheffield Volvo,308726,,,Stoneacre Decidebloom
Stoneacre Stafford Fiat,308726,,,Stoneacre Decidebloom
Stoneacre Stafford Kia,308726,,,Stoneacre Decidebloom
Stoneacre Stockton Volvo,308726,,,Stoneacre Decidebloom
Stoneacre Stoke Peugeot,308726,,,Stoneacre Decidebloom
Stoneacre Stoke Suzuki,308726,,,Stoneacre Decidebloom
Stoneacre Sunderland Volvo,308726,,,Stoneacre Decidebloom
Stoneacre Teesside Lexus,308726,,,Stoneacre Decidebloom
Stoneacre Teesside Toyota,308726,,,Stoneacre Decidebloom
Stoneacre Thirsk Ford,308726,,,Stoneacre Decidebloom
Stoneacre Thorne,308726,,,Stoneacre Decidebloom
Stoneacre Wallasey Kia,308726,,,Stoneacre Decidebloom
Stoneacre Wearside Toyota,308726,,,Stoneacre Decidebloom
Stoneacre Wigan Peugeot,308726,,,Stoneacre Decidebloom
Stoneacre Wolverhampton Abarth,308726,,,Stoneacre Decidebloom
Stoneacre Wolverhampton Alfa Romeo,308726,,,Stoneacre Decidebloom
Stoneacre Wolverhampton Fiat,308726,,,Stoneacre Decidebloom
Stoneacre Wolverhampton Jeep,308726,,,Stoneacre Decidebloom
Stoneacre Worksop Fiat,308726,,,Stoneacre Decidebloom
Stoneacre Worksop Nissan,308726,,,Stoneacre Decidebloom
Stoneacre Wrexham Citroen,308726,,,Stoneacre Decidebloom
Stoneacre Wrexham Fiat,308726,,,Stoneacre Decidebloom
Stoneacre Wrexham Seat,308726,,,Stoneacre Decidebloom
Stoneacre York Ford,308726,,,Stoneacre Decidebloom
Stoneacre York Transit Centre,308726,,,Stoneacre Decidebloom
Sunderland Volvo,308726,,,Stoneacre Decidebloom
Triumphworld,308726,,,Stoneacre Decidebloom
Vanworld,308726,,,Stoneacre Decidebloom
Vanworld Sheffield,308726,,,Stoneacre Decidebloom
A&M Leisure Supplies,,,,Caravans
A&T Caravans Ltd,,,,Caravans
A1 Motorhome Hire,,,,Caravans
Abbey Caravans & Leisure Ltd,,,,Caravans
ABIUK Ltd,,,,Caravans
Ace Caravans Repairs & Services,,,,Caravans
Adventure Campers & Motorhomes,,,,Caravans
Airstream Leisure Ltd,,,,Caravans
Albion Caravans,,,,Caravans
Alfresco Caravans,,,,Caravans
Allens Caravans Ltd,,,,Caravans
Amber Leisure,,,,Caravans
American Motor Home Rentals,,,,Caravans
American RV Centre,,,,Caravans
Anglesey Caravan Sales,,,,Caravans
Anglo American Services,,,,Caravans
Armstrong Caravan Sales,,,,Caravans
Aspinalls Caravans & Camping,,,,Caravans
Astbury Caravans,,,,Caravans
Atlas Caravan Co. Ltd.,,,,Caravans
Auto Trail VR Ltd,,,,Caravans
Autocruise Motor Homes Ltd,,,,Caravans
Auto-Sleepers Ltd.,,,,Caravans
Ava Leisure,,,,Caravans
Avon Motor Caravans,,,,Caravans
Aztec Motor Camper Centre,,,,Caravans
Bailey Caravans Ltd,,,,Caravans
Bankhead Caravans,,,,Caravans
Bann Caravans,,,,Caravans
Barham Caravan Co Ltd,,,,Caravans
Barron Group Ltd,,,,Caravans
Barry's Caravans,,,,Caravans
Barton Caravans,,,,Caravans
Bateson Caravans,,,,Caravans
Bay Caravans,,,,Caravans
Bayliss Caravans,,,,Caravans
BC Leisure,,,,Caravans
Beechwood Caravans,,,,Caravans
Belvoir Caravans,,,,Caravans
Ben Nevis Caravans,,,,Caravans
Berkeley Caravans Ltd,,,,Caravans
Bert's Caravans,,,,Caravans
Betteshanger Caravans,,,,Caravans
Bexhill Caravans,,,,Caravans
Bicknacre Caravans,,,,Caravans
Biggleswade Caravans,,,,Caravans
Black Horse Caravans,,,,Caravans
Blackpool Caravan Centre,,,,Caravans
Blair Atholl Caravans,,,,Caravans
Blue Diamond Caravans,,,,Caravans
Blyth Caravans,,,,Caravans
Bodmin Caravans,,,,Caravans
Bolton Caravan Centre,,,,Caravans
Bon Accord Caravans,,,,Caravans
Boreham Caravans,,,,Caravans
Boston Caravans,,,,Caravans
Bourne Caravans,,,,Caravans
Brackley Caravans,,,,Caravans
Bradford Caravan Centre,,,,Caravans
Braintree Caravans,,,,Caravans
Braintree Caravans,,,,Caravans
Braunton Caravans,,,,Caravans
Bridgwater Caravans,,,,Caravans
Bridlington Caravans,,,,Caravans
Bridport Caravans,,,,Caravans
Bristol Caravans,,,,Caravans
Broadland Caravans,,,,Caravans
Broads Caravans,,,,Caravans
Bromley Caravans,,,,Caravans
Brooklands Caravans,,,,Caravans
Brooks Caravans,,,,Caravans
Brough Caravans,,,,Caravans
Broughton Caravans,,,,Caravans
Buckingham Caravans,,,,Caravans
Buckland Caravans,,,,Caravans
Bucknall Caravans,,,,Caravans
Bucks Caravan Centre,,,,Caravans
Burnham Caravans,,,,Caravans
Burnside Caravans,,,,Caravans
Burton Caravans,,,,Caravans
Bury Caravans,,,,Caravans
Bushey Caravans,,,,Caravans
Buxton Caravans,,,,Caravans
Byfleet Caravans,,,,Caravans
Byrne Caravans,,,,Caravans
C&C Caravans,,,,Caravans
C&C Motorhomes,,,,Caravans
C&K Caravans,,,,Caravans
C&L Caravans,,,,Caravans
C&M Caravans,,,,Caravans
C&M Holiday Homes,,,,Caravans
C&M Leisure,,,,Caravans
C&M Motorhomes,,,,Caravans
C&R Caravans,,,,Caravans
C&S Caravans,,,,Caravans
C&S Leisure,,,,Caravans
C&V Motorhomes,,,,Caravans
C&W Caravans,,,,Caravans
C&W Leisure,,,,Caravans
C&W Motorhomes,,,,Caravans
C&Y Caravans,,,,Caravans
C.T. Caravans,,,,Caravans
C.V. Caravans,,,,Caravans
Cabin Caravans,,,,Caravans
Caledonia Caravans,,,,Caravans
Camberley Caravans,,,,Caravans
Cambridge Caravans,,,,Caravans
Camden Caravans,,,,Caravans
Campers & Caravans Ltd,,,,Caravans
Canterbury Caravans,,,,Caravans
Capel Caravans,,,,Caravans
Capital Caravans,,,,Caravans
Capricorn Caravans,,,,Caravans
Caravan City,,,,Caravans
Caravan Club Shop,,,,Caravans
Caravan Connections,,,,Caravans
Caravan Country,,,,Caravans
Caravan Deals,,,,Caravans
Caravan Depot,,,,Caravans
Caravan Direct,,,,Caravans
Caravan Exchange,,,,Caravans
Caravan Express,,,,Caravans
Caravan Factory,,,,Caravans
Caravan Finders,,,,Caravans
Caravan First,,,,Caravans
Caravan Focus,,,,Caravans
Caravan Fort,,,,Caravans
Caravan Friends,,,,Caravans
Caravan Gallery,,,,Caravans
Caravan Gear,,,,Caravans
Caravan Giant,,,,Caravans
Caravan Group,,,,Caravans
Caravan Hub,,,,Caravans
Caravan Inn,,,,Caravans
Caravan King,,,,Caravans
Caravan Land,,,,Caravans
Caravan Link,,,,Caravans
Caravan Lodge,,,,Caravans
Caravan Manor,,,,Caravans
Caravan Mart,,,,Caravans
Caravan Max,,,,Caravans
Caravan Mecca,,,,Caravans
Caravan Mega,,,,Caravans
Caravan Motorhomes,,,,Caravans
Caravan Nation,,,,Caravans
Caravan One,,,,Caravans
Caravan Outlet,,,,Caravans
Caravan Park Sales,,,,Caravans
Caravan Plus,,,,Caravans
Caravan Point,,,,Caravans
Caravan Pro,,,,Caravans
Caravan Rentals,,,,Caravans
Caravan Retreat,,,,Caravans
Caravan Revolution,,,,Caravans
Caravan Sales Ltd,,,,Caravans
Caravan Select,,,,Caravans
Caravan Service Centre,,,,Caravans
Caravan Shop,,,,Caravans
Caravan Solutions,,,,Caravans
Caravan Specialists,,,,Caravans
Caravan Station,,,,Caravans
Caravan Store,,,,Caravans
Caravan Superstore,,,,Caravans
Caravan Supplies,,,,Caravans
Caravan Traders,,,,Caravans
Caravan World,,,,Caravans
Caravans & Motorhomes Ltd,,,,Caravans
Caravans Direct,,,,Caravans
Caravans For Sale,,,,Caravans
Caravans Galore,,,,Caravans
Caravans HQ,,,,Caravans
Caravans International,,,,Caravans
Caravans Nationwide,,,,Caravans
Caravans Plus,,,,Caravans
Caravans R Us,,,,Caravans
Caravans UK,,,,Caravans
Caravans4U,,,,Caravans
Castle Caravans,,,,Caravans
Castle Leisure,,,,Caravans
Castle Motorhomes,,,,Caravans
Cavendish Caravans,,,,Caravans
Central Caravans,,,,Caravans
Centre Caravans,,,,Caravans
Chalkwell Caravans,,,,Caravans
Chapel Caravans,,,,Caravans
Charlton Caravans,,,,Caravans
Cheshire Caravans,,,,Caravans
Chester Caravan Centre,,,,Caravans
Chesterfield Caravans,,,,Caravans
Chestnut Caravans,,,,Caravans
Chichester Caravans,,,,Caravans
Chiltern Caravans,,,,Caravans
Chorley Caravans,,,,Caravans
Cinderford Caravans,,,,Caravans
City Caravans,,,,Caravans
Clacton Caravans,,,,Caravans
Clarence Caravans,,,,Caravans
Clayton Caravans,,,,Caravans
Cleveland Caravans,,,,Caravans
Clifford Caravans,,,,Caravans
Clitheroe Caravans,,,,Caravans
Clonmel Caravans,,,,Caravans
Coast Caravans,,,,Caravans
Cobham Caravans,,,,Caravans
Colchester Caravans,,,,Caravans
Colne Caravans,,,,Caravans
Columbia Caravans,,,,Caravans
Concord Caravans,,,,Caravans
Coniston Caravans,,,,Caravans
Cornwall Caravans,,,,Caravans
Cosham Caravans,,,,Caravans
Coventry Caravans,,,,Caravans
Cradley Caravans,,,,Caravans
Cranleigh Caravans,,,,Caravans
Crawley Caravans,,,,Caravans
Crewe Caravans,,,,Caravans
Cromer Caravans,,,,Caravans
Crosby Caravans,,,,Caravans
Crowthorne Caravans,,,,Caravans
Croydon Caravans,,,,Caravans
Crusader Caravans,,,,Caravans
Crystal Caravans,,,,Caravans
Cumberland Caravans,,,,Caravans
Cwmbran Caravans,,,,Caravans
D&G Caravans,,,,Caravans
D&R Caravans,,,,Caravans
D&S Caravans,,,,Caravans
D&T Caravans,,,,Caravans
D&W Caravans,,,,Caravans
D&W Leisure,,,,Caravans
Dalton Caravans,,,,Caravans
Danbury Caravans,,,,Caravans
Dartford Caravans,,,,Caravans
Darwen Caravans,,,,Caravans
Daventry Caravans,,,,Caravans
Dawson Caravans,,,,Caravans
Daymer Caravans,,,,Caravans
Deacon Caravans,,,,Caravans
Derby Caravans,,,,Caravans
Devon Caravans,,,,Caravans
Didsbury Caravans,,,,Caravans
Dingwall Caravans,,,,Caravans
Dorset Caravans,,,,Caravans
Dover Caravans,,,,Caravans
Downs Caravans,,,,Caravans
Droitwich Caravans,,,,Caravans
Dronfield Caravans,,,,Caravans
Drumcar Caravans,,,,Caravans
Dublin Caravans,,,,Caravans
Dulwich Caravans,,,,Caravans
Dunstable Caravans,,,,Caravans
Durham Caravans,,,,Caravans
Duxford Caravans,,,,Caravans
E&J Caravans,,,,Caravans
E&L Caravans,,,,Caravans
E&R Caravans,,,,Caravans
E&S Caravans,,,,Caravans
E&T Caravans,,,,Caravans
E&W Caravans,,,,Caravans
East Anglia Caravans,,,,Caravans
East Dorset Caravans,,,,Caravans
East Lancashire Caravans,,,,Caravans
East Midlands Caravans,,,,Caravans
East Riding Caravans,,,,Caravans
East Sussex Caravans,,,,Caravans
East Yorkshire Caravans,,,,Caravans
Eastern Caravans,,,,Caravans
Eastleigh Caravans,,,,Caravans
Eden Caravans,,,,Caravans
Edinburgh Caravans,,,,Caravans
Edinburgh Motorhomes,,,,Caravans
Egham Caravans,,,,Caravans
Elgin Caravans,,,,Caravans
Ellesmere Caravans,,,,Caravans
Elstree Caravans,,,,Caravans
Emley Caravans,,,,Caravans
Enfield Caravans,,,,Caravans
Epsom Caravans,,,,Caravans
Essex Caravans,,,,Caravans
Exeter Caravans,,,,Caravans
Exmouth Caravans,,,,Caravans
F&H Caravans,,,,Caravans
F&M Caravans,,,,Caravans
F&R Caravans,,,,Caravans
F&W Caravans,,,,Caravans
Fairview Caravans,,,,Caravans
Falcon Caravans,,,,Caravans
Farnborough Caravans,,,,Caravans
Faversham Caravans,,,,Caravans
Felixstowe Caravans,,,,Caravans
Fenland Caravans,,,,Caravans
Fife Caravans,,,,Caravans
Finchley Caravans,,,,Caravans
Fleet Caravans,,,,Caravans
Flitwick Caravans,,,,Caravans
Folkestone Caravans,,,,Caravans
Forest Caravans,,,,Caravans
Forest of Dean Caravans,,,,Caravans
Formby Caravans,,,,Caravans
Fosse Caravans,,,,Caravans
Fowey Caravans,,,,Caravans
Framlingham Caravans,,,,Caravans
Fraser Caravans,,,,Caravans
Fraserburgh Caravans,,,,Caravans
Freeman Caravans,,,,Caravans
Freshwater Caravans,,,,Caravans
Frome Caravans,,,,Caravans
Fulham Caravans,,,,Caravans
Furness Caravans,,,,Caravans
G&H Caravans,,,,Caravans
G&M Caravans,,,,Caravans
G&R Caravans,,,,Caravans
G&W Caravans,,,,Caravans
G&Y Caravans,,,,Caravans
Galway Caravans,,,,Caravans
Gateshead Caravans,,,,Caravans
Gateshead Motorhomes,,,,Caravans
Gillingham Caravans,,,,Caravans
Glasgow Caravans,,,,Caravans
Glen Caravans,,,,Caravans
Gloucester Caravans,,,,Caravans
Gloucestershire Caravans,,,,Caravans
Godalming Caravans,,,,Caravans
Goff's Caravans,,,,Caravans
Gosforth Caravans,,,,Caravans
Gosport Caravans,,,,Caravans
Grange Caravans,,,,Caravans
Grantham Caravans,,,,Caravans
Gravesend Caravans,,,,Caravans
Green Caravans,,,,Caravans
Greenock Caravans,,,,Caravans
Greenwich Caravans,,,,Caravans
Guildford Caravans,,,,Caravans
Guisborough Caravans,,,,Caravans
Gwynedd Caravans,,,,Caravans
H&H Caravans,,,,Caravans
H&M Caravans,,,,Caravans
H&R Caravans,,,,Caravans
H&W Caravans,,,,Caravans
H&Y Caravans,,,,Caravans
Hackney Caravans,,,,Caravans
Hadleigh Caravans,,,,Caravans
Halesowen Caravans,,,,Caravans
Halifax Caravans,,,,Caravans
Hampshire Caravans,,,,Caravans
Hampton Caravans,,,,Caravans
Hanley Caravans,,,,Caravans
Harrogate Caravans,,,,Caravans
Harrow Caravans,,,,Caravans
Hartlepool Caravans,,,,Caravans
Hastings Caravans,,,,Caravans
Havant Caravans,,,,Caravans
Haverhill Caravans,,,,Caravans
Havering Caravans,,,,Caravans
Hayes Caravans,,,,Caravans
Hayling Island Caravans,,,,Caravans
Hebburn Caravans,,,,Caravans
Helensburgh Caravans,,,,Caravans
Helston Caravans,,,,Caravans
Hemel Hempstead Caravans,,,,Caravans
Hendon Caravans,,,,Caravans
Hereford Caravans,,,,Caravans
Hertford Caravans,,,,Caravans
Hexham Caravans,,,,Caravans
High Wycombe Caravans,,,,Caravans
Higham Ferrers Caravans,,,,Caravans
Highlands Caravans,,,,Caravans
Hinckley Caravans,,,,Caravans
Hitchin Caravans,,,,Caravans
Holbeach Caravans,,,,Caravans
Holmfirth Caravans,,,,Caravans
Holt Caravans,,,,Caravans
Holyhead Caravans,,,,Caravans
Horsham Caravans,,,,Caravans
Hounslow Caravans,,,,Caravans
Huddersfield Caravans,,,,Caravans
Hull Caravans,,,,Caravans
Humber Caravans,,,,Caravans
Huntingdon Caravans,,,,Caravans
Hurst Caravans,,,,Caravans
Hythe Caravans,,,,Caravans
I&H Caravans,,,,Caravans
I&M Caravans,,,,Caravans
I&R Caravans,,,,Caravans
I&W Caravans,,,,Caravans
Ipswich Caravans,,,,Caravans
Ireland Caravans,,,,Caravans
Isle of Man Caravans,,,,Caravans
Isle of Wight Caravans,,,,Caravans
J&H Caravans,,,,Caravans
J&M Caravans,,,,Caravans
J&R Caravans,,,,Caravans
J&W Caravans,,,,Caravans
J&Y Caravans,,,,Caravans
Jersey Caravans,,,,Caravans
K&H Caravans,,,,Caravans
K&M Caravans,,,,Caravans
K&R Caravans,,,,Caravans
K&W Caravans,,,,Caravans
K&Y Caravans,,,,Caravans
Kendal Caravans,,,,Caravans
Kenilworth Caravans,,,,Caravans
Kettering Caravans,,,,Caravans
Kilmarnock Caravans,,,,Caravans
King's Lynn Caravans,,,,Caravans
Kingston Caravans,,,,Caravans
Kirkcaldy Caravans,,,,Caravans
Kirkham Caravans,,,,Caravans
Kirkwall Caravans,,,,Caravans
Knutsford Caravans,,,,Caravans
L&H Caravans,,,,Caravans
L&M Caravans,,,,Caravans
L&R Caravans,,,,Caravans
L&W Caravans,,,,Caravans
L&Y Caravans,,,,Caravans
Lancashire Caravans,,,,Caravans
Lancaster Caravans,,,,Caravans
Langholm Caravans,,,,Caravans
Largs Caravans,,,,Caravans
Larkhall Caravans,,,,Caravans
Larne Caravans,,,,Caravans
Lasswade Caravans,,,,Caravans
Leamington Caravans,,,,Caravans
Leeds Caravans,,,,Caravans
Leicester Caravans,,,,Caravans
Leighton Buzzard Caravans,,,,Caravans
Leith Caravans,,,,Caravans
Lewes Caravans,,,,Caravans
Leyland Caravans,,,,Caravans
Lichfield Caravans,,,,Caravans
Lincoln Caravans,,,,Caravans
Liverpool Caravans,,,,Caravans
Livingston Caravans,,,,Caravans
Llanelli Caravans,,,,Caravans
Llanidloes Caravans,,,,Caravans
Llantrisant Caravans,,,,Caravans
Loch Lomond Caravans,,,,Caravans
London Caravans,,,,Caravans
Loughborough Caravans,,,,Caravans
Lowestoft Caravans,,,,Caravans
Luton Caravans,,,,Caravans
Lydbrook Caravans,,,,Caravans
Lydney Caravans,,,,Caravans
M&H Caravans,,,,Caravans
M&R Caravans,,,,Caravans
M&W Caravans,,,,Caravans
M&Y Caravans,,,,Caravans
Macclesfield Caravans,,,,Caravans
Maidstone Caravans,,,,Caravans
Malvern Caravans,,,,Caravans
Manchester Caravans,,,,Caravans
Mansfield Caravans,,,,Caravans
Margate Caravans,,,,Caravans
Market Harborough Caravans,,,,Caravans
Market Rasen Caravans,,,,Caravans
Maryport Caravans,,,,Caravans
Matlock Caravans,,,,Caravans
Melton Caravans,,,,Caravans
Merthyr Tydfil Caravans,,,,Caravans
Middlesbrough Caravans,,,,Caravans
Milton Keynes Caravans,,,,Caravans
Monmouth Caravans,,,,Caravans
Moray Caravans,,,,Caravans
Newark Caravans,,,,Caravans
Newbury Caravans,,,,Caravans
Newcastle Caravans,,,,Caravans
Newcastle Emlyn Caravans,,,,Caravans
Newcastle-under-Lyme Caravans,,,,Caravans
Newport Caravans,,,,Caravans
Newton Abbot Caravans,,,,Caravans
Newton Mearns Caravans,,,,Caravans
Newton Stewart Caravans,,,,Caravans
Norfolk Caravans,,,,Caravans
Northampton Caravans,,,,Caravans
Northfield Caravans,,,,Caravans
Northolt Caravans,,,,Caravans
Northumberland Caravans,,,,Caravans
Norwich Caravans,,,,Caravans
Nottingham Caravans,,,,Caravans
Nuneaton Caravans,,,,Caravans
O&H Caravans,,,,Caravans
O&M Caravans,,,,Caravans
O&R Caravans,,,,Caravans
O&W Caravans,,,,Caravans
Oakham Caravans,,,,Caravans
Oban Caravans,,,,Caravans
Oldham Caravans,,,,Caravans
Ormskirk Caravans,,,,Caravans
Ossett Caravans,,,,Caravans
Oswestry Caravans,,,,Caravans
Otley Caravans,,,,Caravans
Oxford Caravans,,,,Caravans
P&H Caravans,,,,Caravans
P&M Caravans,,,,Caravans
P&R Caravans,,,,Caravans
P&W Caravans,,,,Caravans
P&Y Caravans,,,,Caravans
Paisley Caravans,,,,Caravans
Pegasus Finance ,,,,Caravans
Penrith Caravans,,,,Caravans
Perth Caravans,,,,Caravans
Peterborough Caravans,,,,Caravans
Plymouth Caravans,,,,Caravans
Poole Caravans,,,,Caravans
Port Glasgow Caravans,,,,Caravans
Portsmouth Caravans,,,,Caravans
Potters Bar Caravans,,,,Caravans
Preston Caravans,,,,Caravans
Princes Risborough Caravans,,,,Caravans
Pudsey Caravans,,,,Caravans
R&H Caravans,,,,Caravans
R&M Caravans,,,,Caravans
R&R Caravans,,,,Caravans
R&W Caravans,,,,Caravans
R&Y Caravans,,,,Caravans
Radcliffe Caravans,,,,Caravans
Ramsgate Caravans,,,,Caravans
Reading Caravans,,,,Caravans
Redditch Caravans,,,,Caravans
Redruth Caravans,,,,Caravans
Reigate Caravans,,,,Caravans
RG Caravans,,,England,Caravans
Rhondda Caravans,,,,Caravans
Richmond Caravans,,,,Caravans
Ripon Caravans,,,,Caravans
Rochdale Caravans,,,,Caravans
Romford Caravans,,,,Caravans
Romsey Caravans,,,,Caravans
Ross-on-Wye Caravans,,,,Caravans
Rotherham Caravans,,,,Caravans
Royal Leamington Spa Caravans,,,,Caravans
Rugby Caravans,,,,Caravans
Runcorn Caravans,,,,Caravans
S&H Caravans,,,,Caravans
S&M Caravans,,,,Caravans
S&R Caravans,,,,Caravans
S&W Caravans,,,,Caravans
S&Y Caravans,,,,Caravans
Salisbury Caravans,,,,Caravans
Sandhurst Caravans,,,,Caravans
Sandown Caravans,,,,Caravans
Sandy Caravans,,,,Caravans
Scarborough Caravans,,,,Caravans
Scunthorpe Caravans,,,,Caravans
Selby Caravans,,,,Caravans
Sevenoaks Caravans,,,,Caravans
Sheffield Caravans,,,,Caravans
Shrewsbury Caravans,,,,Caravans
Sittingbourne Caravans,,,,Caravans
Skelmersdale Caravans,,,,Caravans
Sleaford Caravans,,,,Caravans
Slough Caravans,,,,Caravans
Solihull Caravans,,,,Caravans
Southampton Caravans,,,,Caravans
Southend Caravans,,,,Caravans
Southport Caravans,,,,Caravans
Southsea Caravans,,,,Caravans
St Albans Caravans,,,,Caravans
St Austell Caravans,,,,Caravans
St Helens Caravans,,,,Caravans
St Ives Caravans,,,,Caravans
St Neots Caravans,,,,Caravans
Stafford Caravans,,,,Caravans
Staines Caravans,,,,Caravans
Stamford Caravans,,,,Caravans
Stewart Longton Caravans Ltd,,,England,Caravans
Stockport Caravans,,,,Caravans
Stockton Caravans,,,,Caravans
Stoke Caravans,,,,Caravans
Stratford Caravans,,,,Caravans
Stretford Caravans,,,,Caravans
Sunderland Caravans,,,,Caravans
Sunnyhaven Caravan Distributors Ltd,676658,Active,England,Caravans
Sutton Caravans,,,,Caravans
Swaffham Caravans,,,,Caravans
Swansea Caravans,,,,Caravans
Swindon Caravans,,,,Caravans
T&H Caravans,,,,Caravans
T&M Caravans,,,,Caravans
T&R Caravans,,,,Caravans
T&W Caravans,,,,Caravans
T&Y Caravans,,,,Caravans
Tamworth Caravans,,,,Caravans
Taunton Caravans,,,,Caravans
Teesside Caravans,,,,Caravans
Telford Caravans,,,,Caravans
Thame Caravans,,,,Caravans
Thatcham Caravans,,,,Caravans
Thetford Caravans,,,,Caravans
Thirsk Caravans,,,,Caravans
Thurso Caravans,,,,Caravans
Tonbridge Caravans,,,,Caravans
Torquay Caravans,,,,Caravans
Totnes Caravans,,,,Caravans
Trowbridge Caravans,,,,Caravans
Truro Caravans,,,,Caravans
Tunbridge Wells Caravans,,,,Caravans
U&H Caravans,,,,Caravans
U&M Caravans,,,,Caravans
U&R Caravans,,,,Caravans
U&W Caravans,,,,Caravans
Uxbridge Caravans,,,,Caravans
V&H Caravans,,,,Caravans
V&M Caravans,,,,Caravans
V&R Caravans,,,,Caravans
V&W Caravans,,,,Caravans
Wakefield Caravans,,,,Caravans
Wallasey Caravans,,,,Caravans
Walsall Caravans,,,,Caravans
Wantage Caravans,,,,Caravans
Warminster Caravans,,,,Caravans
Warrington Caravans,,,,Caravans
Warwick Caravans,,,,Caravans
Watford Caravans,,,,Caravans
Welling Caravans,,,,Caravans
Wellingborough Caravans,,,,Caravans
Wembley Caravans,,,,Caravans
West Bromwich Caravans,,,,Caravans
West Midlands Caravans,,,,Caravans
West Sussex Caravans,,,,Caravans
West Yorkshire Caravans,,,,Caravans
Westbury Caravans,,,,Caravans
Weston-super-Mare Caravans,,,,Caravans
Weymouth Caravans,,,,Caravans
Whitby Caravans,,,,Caravans
Whitchurch Caravans,,,,Caravans
Whitehaven Caravans,,,,Caravans
Whitley Bay Caravans,,,,Caravans
Widnes Caravans,,,,Caravans
Wigan Caravans,,,,Caravans
Wimbledon Caravans,,,,Caravans
Winchester Caravans,,,,Caravans
Winsford Caravans,,,,Caravans
Woking Caravans,,,,Caravans
Wolverhampton Caravans,,,,Caravans
Woodbridge Caravans,,,,Caravans
Worcester Caravans,,,,Caravans
Worthing Caravans,,,,Caravans
Wrexham Caravans,,,,Caravans
Y&H Caravans,,,,Caravans
Yarm Caravans,,,,Caravans
Yeovil Caravans,,,,Caravans
York Caravans,,,,Caravans
Bristol Street Motors,307324,Active,,Bristol street Vertu
Bristol Street Motors Aylesbury Skoda,307324,Active,,Bristol street Vertu
Bristol Street Motors Banbury,307324,Active,,Bristol street Vertu
Bristol Street Motors Banbury Peugeot,307324,Active,,Bristol street Vertu
Bristol Street Motors Birmingham SEAT,307324,Active,,Bristol street Vertu
Bristol Street Motors Bradford Nissan,307324,Active,,Bristol street Vertu
Bristol Street Motors Bradford Renault,307324,Active,,Bristol street Vertu
Bristol Street Motors Bristol Hyundai,307324,Active,,Bristol street Vertu
Bristol Street Motors Burton Citroen,307324,Active,,Bristol street Vertu
Bristol Street Motors Carlisle SEAT,307324,Active,,Bristol street Vertu
Bristol Street Motors Chesterfield Skoda,307324,Active,,Bristol street Vertu
Bristol Street Motors Citroen,307324,Active,,Bristol street Vertu
Bristol Street Motors Darlington Nissan,307324,Active,,Bristol street Vertu
Bristol Street Motors Darlington SEAT,307324,Active,,Bristol street Vertu
Bristol Street Motors Darlington Skoda,307324,Active,,Bristol street Vertu
Bristol Street Motors Derby Citroen,307324,Active,,Bristol street Vertu
Bristol Street Motors Derby Nissan,307324,Active,,Bristol street Vertu
Bristol Street Motors Derby Peugeot,307324,Active,,Bristol street Vertu
Bristol Street Motors Derby Renault,307324,Active,,Bristol street Vertu
Bristol Street Motors Derby SEAT,307324,Active,,Bristol street Vertu
Bristol Street Motors Derby Skoda,307324,Active,,Bristol street Vertu
Bristol Street Motors Exeter Hyundai,307324,Active,,Bristol street Vertu
Bristol Street Motors Exeter Renault,307324,Active,,Bristol street Vertu
Bristol Street Motors Gloucester Renault,307324,Active,,Bristol street Vertu
Bristol Street Motors Halifax Nissan,307324,Active,,Bristol street Vertu
Bristol Street Motors Harlow Peugeot,307324,Active,,Bristol street Vertu
Bristol Street Motors Leicester Citroen,307324,Active,,Bristol street Vertu
Bristol Street Motors Mansfield Hyundai,307324,Active,,Bristol street Vertu
Bristol Street Motors Mansfield Renault,307324,Active,,Bristol street Vertu
Bristol Street Motors Morpeth Hyunda,307324,Active,,Bristol street Vertu
Bristol Street Motors Newcastle Hyundai,307324,Active,,Bristol street Vertu
Bristol Street Motors Nissan,307324,Active,,Bristol street Vertu
Bristol Street Motors Northampton Nissan,307324,Active,,Bristol street Vertu
Bristol Street Motors Northampton Peugeot,307324,Active,,Bristol street Vertu
Bristol Street Motors Nottingham Citroen,307324,Active,,Bristol street Vertu
Bristol Street Motors Nottingham Hyundai,307324,Active,,Bristol street Vertu
Bristol Street Motors Nottingham Renault,307324,Active,,Bristol street Vertu
Bristol Street Motors Oxford Peugeot,307324,Active,,Bristol street Vertu
Bristol Street Motors Peterlee Hyundai,307324,Active,,Bristol street Vertu
Bristol Street Motors SEAT,307324,Active,,Bristol street Vertu
Bristol Street Motors Sheffield Nissan,307324,Active,,Bristol street Vertu
Bristol Street Motors Widnes Nissan,307324,Active,,Bristol street Vertu
Bristol Street Motors Worcester Citroen,307324,Active,,Bristol street Vertu
Bristol Street Versa Mobility Solutions,307324,Active,,Bristol street Vertu
BristolStreetVanCity.co.uk,307324,Active,,Bristol street Vertu
Car Credit,307324,Active,,Bristol street Vertu
leasecarsdirect.co.uk,307324,Active,,Bristol street Vertu
Macklin Motors,307324,Active,,Bristol street Vertu
Macklin Motors Edinburgh East Hyundai,307324,Active,,Bristol street Vertu
Macklin Motors Edinburgh West Hyundai,307324,Active,,Bristol street Vertu
Macklin Motors Glasgow Nissan,307324,Active,,Bristol street Vertu
Macklin Motors Paisley Peugeot,307324,Active,,Bristol street Vertu
Motornation,307324,Active,,Bristol street Vertu
Motornation Derby Versa,307324,Active,,Bristol street Vertu
Vertu Hereford Audi,307324,Active,,Bristol street Vertu
Vertu Hereford Volkswagen,307324,Active,,Bristol street Vertu
Vertu Hereford Volkswagen Commercials,307324,Active,,Bristol street Vertu
Vertu Hereford Volkswagen Van Centre,307324,Active,,Bristol street Vertu
Vertu Mansfield Volkswagen,307324,Active,,Bristol street Vertu
Vertu Nottingham North Volkswagen,307324,Active,,Bristol street Vertu
Vertu Nottingham South Volkswagen,307324,Active,,Bristol street Vertu
Vertu Van Centre Hereford,307324,Active,,Bristol street Vertu
Vertu Volkswagen,307324,Active,,Bristol street Vertu
Vertu Volkswagen Boston,307324,Active,,Bristol street Vertu
Vertu Volkswagen Harrogate,307324,Active,,Bristol street Vertu
Vertu Volkswagen Huddersfield,307324,Active,,Bristol street Vertu
Vertu Volkswagen Leeds,307324,Active,,Bristol street Vertu
Vertu Volkswagen Lincoln,307324,Active,,Bristol street Vertu
Vertu Volkswagen Skipton,307324,Active,,Bristol street Vertu
Vertu Whitchurch Volkswagen,307324,Active,,Bristol street Vertu
Robins & Day Birmingham Central,497010,Rebranded,England,Stellantis & You - Robins & Day
Robins & Day Birmingham Citroën,497010,Rebranded,England,Stellantis & You - Robins & Day
Robins & Day Birmingham Citroën EDC,497010,Rebranded,England,Stellantis & You - Robins & Day
Robins & Day Birmingham EDC,497010,Rebranded,England,Stellantis & You - Robins & Day
Robins & Day Birmingham North,497010,Rebranded,England,Stellantis & You - Robins & Day
Robins & Day Birmingham Peugeot,497010,Rebranded,England,Stellantis & You - Robins & Day
Robins & Day Brent Cross,497010,Rebranded,England,Stellantis & You - Robins & Day
Robins & Day Bristol,497010,Rebranded,England,Stellantis & You - Robins & Day
Robins & Day Bristol Cribbs Causeway,497010,Rebranded,England,Stellantis & You - Robins & Day
Robins & Day Central Fleet,497010,Rebranded,England,Stellantis & You - Robins & Day
Robins & Day Chelmsford,497010,Rebranded,England,Stellantis & You - Robins & Day
Robins & Day Chingford,497010,Rebranded,England,Stellantis & You - Robins & Day
Robins & Day Chiswick,497010,Rebranded,England,Stellantis & You - Robins & Day
Robins & Day City,497010,Rebranded,England,Stellantis & You - Robins & Day
Robins & Day Coventry,497010,Rebranded,England,Stellantis & You - Robins & Day
Robins & Day Coventry Citroën,497010,Rebranded,England,Stellantis & You - Robins & Day
Robins & Day Coventry Peugeot,497010,Rebranded,England,Stellantis & You - Robins & Day
Robins & Day Coventry South,497010,Rebranded,England,Stellantis & You - Robins & Day
Robins & Day Croydon,497010,Rebranded,England,Stellantis & You - Robins & Day
Robins & Day Derby,497010,Rebranded,England,Stellantis & You - Robins & Day
Robins & Day Edgware,497010,Rebranded,England,Stellantis & You - Robins & Day
Robins & Day Edinburgh,497010,Rebranded,England,Stellantis & You - Robins & Day
Robins & Day Fleet,497010,Rebranded,England,Stellantis & You - Robins & Day
Robins & Day Gateshead,497010,Rebranded,England,Stellantis & You - Robins & Day
Robins & Day Glasgow,497010,Rebranded,England,Stellantis & You - Robins & Day
Robins & Day Guildford,497010,Rebranded,England,Stellantis & You - Robins & Day
Robins & Day Hanwell,497010,Rebranded,England,Stellantis & You - Robins & Day
Robins & Day Hatfield,497010,Rebranded,England,Stellantis & You - Robins & Day
Robins & Day Leicester,497010,Rebranded,England,Stellantis & You - Robins & Day
Robins & Day Leicester Central,497010,Rebranded,England,Stellantis & You - Robins & Day
Robins & Day Leicester South,497010,Rebranded,England,Stellantis & You - Robins & Day
Robins & Day Letchworth,497010,Rebranded,England,Stellantis & You - Robins & Day
Robins & Day Lincoln,497010,Rebranded,England,Stellantis & You - Robins & Day
Robins & Day Liverpool,497010,Rebranded,England,Stellantis & You - Robins & Day
Stellantis &You Abarth Birmingham Central,497010,Active,England,Stellantis & You - Robins & Day
Stellantis &You Abarth Bristol Cribbs,497010,Active,England,Stellantis & You - Robins & Day
Stellantis &You Abarth Crawley,497010,Active,England,Stellantis & You - Robins & Day
Stellantis &You Alfa Romeo Birmingham North,497010,Active,England,Stellantis & You - Robins & Day
Stellantis &You Alfa Romeo Bristol Cribbs,497010,Active,England,Stellantis & You - Robins & Day
Stellantis &You Alfa Romeo Leicester,497010,Active,England,Stellantis & You - Robins & Day
Stellantis &You Citroën Birmingham Central,497010,Active,England,Stellantis & You - Robins & Day
Stellantis &You Citroën Birmingham North,497010,Active,England,Stellantis & You - Robins & Day
Stellantis &You Citroën Chingford,497010,Active,England,Stellantis & You - Robins & Day
Stellantis &You Citroën Coventry,497010,Active,England,Stellantis & You - Robins & Day
Stellantis &You Citroën Edgware,497010,Active,England,Stellantis & You - Robins & Day
Stellantis &You Citroën Hatfield,497010,Active,England,Stellantis & You - Robins & Day
Stellantis &You Citroën Leicester,497010,Active,England,Stellantis & You - Robins & Day
Stellantis &You Citroën Liverpool,497010,Active,England,Stellantis & You - Robins & Day
Stellantis &You Citroën Sale,497010,Active,England,Stellantis & You - Robins & Day
Stellantis &You DS Store Birmingham North,497010,Active,England,Stellantis & You - Robins & Day
Stellantis &You DS Store Bristol Cribbs,497010,Active,England,Stellantis & You - Robins & Day
Stellantis &You DS Store Leicester,497010,Active,England,Stellantis & You - Robins & Day
Stellantis &You Fiat Birmingham Central,497010,Active,England,Stellantis & You - Robins & Day
Stellantis &You Fiat Bristol Cribbs,497010,Active,England,Stellantis & You - Robins & Day
Stellantis &You Fiat Crawley,497010,Active,England,Stellantis & You - Robins & Day
Stellantis &You Jeep Birmingham South,497010,Active,England,Stellantis & You - Robins & Day
Stellantis &You Jeep Bristol Cribbs,497010,Active,England,Stellantis & You - Robins & Day
Stellantis &You Leapmotor Birmingham North,497010,Active,England,Stellantis & You - Robins & Day
Stellantis &You Leapmotor Crawley,497010,Active,England,Stellantis & You - Robins & Day
Stellantis &You Leapmotor Leicester,497010,Active,England,Stellantis & You - Robins & Day
Stellantis &You Peugeot Birmingham Central,497010,Active,England,Stellantis & You - Robins & Day
Stellantis &You Peugeot Birmingham North,497010,Active,England,Stellantis & You - Robins & Day
Stellantis &You Peugeot Brentford,497010,Active,England,Stellantis & You - Robins & Day
Stellantis &You Peugeot Bristol Cribbs,497010,Active,England,Stellantis & You - Robins & Day
Stellantis &You Peugeot Chingford,497010,Active,England,Stellantis & You - Robins & Day
Stellantis &You Peugeot Coventry,497010,Active,England,Stellantis & You - Robins & Day
Stellantis &You Peugeot Croydon,497010,Active,England,Stellantis & You - Robins & Day
Stellantis &You Peugeot Edgware,497010,Active,England,Stellantis & You - Robins & Day
Stellantis &You Peugeot Guildford,497010,Active,England,Stellantis & You - Robins & Day
Stellantis &You Peugeot Hatfield,497010,Active,England,Stellantis & You - Robins & Day
Stellantis &You Peugeot Leicester,497010,Active,England,Stellantis & You - Robins & Day
Stellantis &You Peugeot Liverpool,497010,Active,England,Stellantis & You - Robins & Day
Stellantis &You Peugeot Sale,497010,Active,England,Stellantis & You - Robins & Day
Stellantis &You Peugeot West London,497010,Active,England,Stellantis & You - Robins & Day
Stellantis &You Vauxhall Birmingham North,497010,Active,England,Stellantis & You - Robins & Day
Stellantis &You Vauxhall Birmingham South,497010,Active,England,Stellantis & You - Robins & Day
Stellantis &You Vauxhall Crawley,497010,Active,England,Stellantis & You - Robins & Day
Stellantis &You Vauxhall Croydon,497010,Active,England,Stellantis & You - Robins & Day
Stellantis &You Vauxhall Edgware,497010,Active,England,Stellantis & You - Robins & Day
Stellantis &You Vauxhall Wimbledon,497010,Active,England,Stellantis & You - Robins & Day
Arnold Clark Citroen/DS (Armadale),308092,Active,Scotland,Arnold Clark
Arnold Clark Citroen/DS (Edinburgh - Sighthill),308092,Active,Scotland,Arnold Clark
Arnold Clark Citroen/DS (Inverness),308092,Active,Scotland,Arnold Clark
Arnold Clark Citroen/DS (Paisley - Linwood),308092,Active,Scotland,Arnold Clark
Arnold Clark Citroen/DS (Perth),308092,Active,Scotland,Arnold Clark
Arnold Clark Citroen/DS (Stirling),308092,Active,Scotland,Arnold Clark
Arnold Clark Commercial Care (Cumbernauld),308092,Active,Scotland,Arnold Clark
Arnold Clark Commercials (Shiremoor),308092,Active,Scotland,Arnold Clark
Arnold Clark Fiat (Broxburn),308092,Active,Scotland,Arnold Clark
Arnold Clark Fiat (Dunfermline),308092,Active,Scotland,Arnold Clark
Arnold Clark Fiat (Kirkcaldy),308092,Active,Scotland,Arnold Clark
Arnold Clark Fiat (Paisley),308092,Active,Scotland,Arnold Clark
Arnold Clark Fiat (Perth),308092,Active,Scotland,Arnold Clark
Arnold Clark Fiat/Abarth (Ayr),308092,Active,Scotland,Arnold Clark
Arnold Clark Fiat/Abarth (Elgin),308092,Active,Scotland,Arnold Clark
Arnold Clark Fiat/Ford/Kia/Abarth (Dundee),308092,Active,Scotland,Arnold Clark
Arnold Clark Fiat/Jeep/Abarth (Ashton-in-Makerfield),308092,Active,Scotland,Arnold Clark
Arnold Clark Fiat/Jeep/Abarth/Alfa Romeo (Aberdeen),308092,Active,Scotland,Arnold Clark
Arnold Clark Fiat/Kia/Abarth (Edinburgh - Seafield),308092,Active,Scotland,Arnold Clark
Arnold Clark Fiat/Kia/Abarth (Glasgow),308092,Active,Scotland,Arnold Clark
Arnold Clark Fiat/Motorstore (Edinburgh - Sighthill),308092,Active,Scotland,Arnold Clark
Arnold Clark Fiat/Motorstore/Jeep/Abarth (Oldbury),308092,Active,Scotland,Arnold Clark
Arnold Clark Fiat/Prestige & Performance (Grangemouth),308092,Active,Scotland,Arnold Clark
Arnold Clark Ford (Aberdeen - Lang Stracht),308092,Active,Scotland,Arnold Clark
Arnold Clark Ford (Ayr),308092,Active,Scotland,Arnold Clark
Arnold Clark Ford (Carlisle),308092,Active,England,Arnold Clark
Arnold Clark Ford (Clydebank),308092,Active,Scotland,Arnold Clark
Arnold Clark Ford (Dumfries),308092,Active,Scotland,Arnold Clark
Arnold Clark Ford (Greenock),308092,Active,Scotland,Arnold Clark
Arnold Clark Ford (Hexham),308092,Active,England,Arnold Clark
Arnold Clark Ford (Kilmarnock),308092,Active,Scotland,Arnold Clark
Arnold Clark Ford (Newcastle),308092,Active,England,Arnold Clark
Arnold Clark Ford (Paisley - Linwood),308092,Active,Scotland,Arnold Clark
Arnold Clark Ford (Peterhead),308092,Active,Scotland,Arnold Clark
Arnold Clark Ford (Shiremoor),308092,Active,Scotland,Arnold Clark
Arnold Clark Ford (Strathaven),308092,Active,Scotland,Arnold Clark
Arnold Clark Ford/Citroen/DS (Penrith),308092,Active,Wales,Arnold Clark
Arnold Clark Ford/Citroen/DS (Workngton),308092,Active,England,Arnold Clark
Arnold Clark Ford/Fiat (Rutherglen),308092,Active,Scotland,Arnold Clark
Arnold Clark Ford/Hyundai/Citroen/DS/Mazda (Aberdeen - Craigshaw),308092,Active,Scotland,Arnold Clark
Arnold Clark Ford/Mazda (Glasgow - South Street),308092,Active,Scotland,Arnold Clark
Arnold Clark Hyundai (Stirling),308092,Active,Scotland,Arnold Clark
Arnold Clark Hyundai / Kia (Paisley - Linwood),308092,Active,Scotland,Arnold Clark
Arnold Clark Hyundai/Seat (Glasgow - Alexandra Parade),308092,Active,Scotland,Arnold Clark
Arnold Clark Hyundai/Seat/Prestige & Performance (Glasgow),308092,Active,Scotland,Arnold Clark
Arnold Clark Kia (Aberdeen),308092,Active,Scotland,Arnold Clark
Arnold Clark Kia (Altrincham),308092,Active,Scotland,Arnold Clark
Arnold Clark Kia (Cumbernauld),308092,Active,Scotland,Arnold Clark
Arnold Clark Kia (Kirkcaldy),308092,Active,Scotland,Arnold Clark
Arnold Clark Kia/Jeep (Perth),308092,Active,Scotland,Arnold Clark
Arnold Clark Mazda (Stirling),308092,Active,Scotland,Arnold Clark
Arnold Clark Mitsubishi (Stirling),308092,Active,Scotland,Arnold Clark
Arnold Clark Mitsubishi / Honda (Paisley - Linwood),308092,Active,Scotland,Arnold Clark
Arnold Clark Motorstore,308092,Active,England,Arnold Clark
Arnold Clark Motorstore (Bolton),308092,Active,England,Arnold Clark
Arnold Clark Motorstore (Burton),308092,Active,England,Arnold Clark
Arnold Clark Motorstore (Chesterfield),308092,Active,England,Arnold Clark
Arnold Clark Motorstore (Doncaster),308092,Active,England,Arnold Clark
Arnold Clark Motorstore (East Kilbride),308092,Active,Scotland,Arnold Clark
Arnold Clark Motorstore (Edinburgh - Seafield),308092,Active,Scotland,Arnold Clark
Arnold Clark Motorstore (Glasgow - London Road),308092,Active,Scotland,Arnold Clark
Arnold Clark Motorstore (Huddersfield),308092,Active,England,Arnold Clark
Arnold Clark Motorstore (Leyland),308092,Active,Scotland,Arnold Clark
Arnold Clark Motorstore (Motherwell),308092,Active,Scotland,Arnold Clark
Arnold Clark Motorstore (Nottingham),308092,Active,England,Arnold Clark
Arnold Clark Motorstore (Perth),308092,Active,Scotland,Arnold Clark
Arnold Clark Motorstore (Preston),308092,Active,England,Arnold Clark
Arnold Clark Motorstore (Stafford),308092,Active,England,Arnold Clark
Arnold Clark Motorstore (Stoke-on-Trent),308092,Active,England,Arnold Clark
Arnold Clark Motorstore (Wakefield),308092,Active,England,Arnold Clark
Arnold Clark Motorstore (West Bromwich),308092,Active,England,Arnold Clark
Arnold Clark Motorstore (Wigan),308092,Active,England,Arnold Clark
Arnold Clark Motorstore (Wolverhampton) [,308092,Active,England,Arnold Clark
Arnold Clark Motorstore (York),308092,Active,England,Arnold Clark
Arnold Clark Motorstore/Hyundai (Inverness),308092,Active,Scotland,Arnold Clark
Arnold Clark Motorstore/Jeep/Fiat (Leeds),308092,Active,England,Arnold Clark
Arnold Clark Motorstore/Mazda/Kia (Liverpool),308092,Active,England,Arnold Clark
Arnold Clark Peugeot (Ayr),308092,Active,Scotland,Arnold Clark
Arnold Clark Peugeot (Clydebank),308092,Active,Scotland,Arnold Clark
Arnold Clark Peugeot (Glasgow),308092,Active,Scotland,Arnold Clark
Arnold Clark Peugeot (Inverness),308092,Active,Scotland,Arnold Clark
Arnold Clark Peugeot/Mazda (Kirkcaldy),308092,Active,Scotland,Arnold Clark
Arnold Clark Peugeot/Renault/Dacia (Huddersfield),308092,Active,England,Arnold Clark
Arnold Clark Peugeot/Seat/Skoda (Edinburgh - Seafield),308092,Active,Scotland,Arnold Clark
Arnold Clark Peugeot/Toyota/Prestige & Performance (Kilmarnock),308092,Active,Scotland,Arnold Clark
Arnold Clark Prestige & Performance (Glasgow),308092,Active,Scotland,Arnold Clark
Arnold Clark Renault/Dacia (Bearsden),308092,Active,Scotland,Arnold Clark
Arnold Clark Renault/Dacia (Bishopbriggs),308092,Active,Scotland,Arnold Clark
Arnold Clark Renault/Dacia (Blackpool),308092,Active,England,Arnold Clark
Arnold Clark Renault/Dacia (Dumbarton),308092,Active,Scotland,Arnold Clark
Arnold Clark Renault/Dacia (Dumfries),308092,Active,Scotland,Arnold Clark
Arnold Clark Renault/Dacia (Edinburgh - Seafield),308092,Active,Scotland,Arnold Clark
Arnold Clark Renault/Dacia (Elgin),308092,Active,Scotland,Arnold Clark
Arnold Clark Renault/Dacia (Glasgow),308092,Active,Scotland,Arnold Clark
Arnold Clark Renault/Dacia (Grangemouth),308092,Active,Scotland,Arnold Clark
Arnold Clark Renault/Dacia (Hillington),308092,Active,Scotland,Arnold Clark
Arnold Clark Renault/Dacia (Inverness),308092,Active,Scotland,Arnold Clark
Arnold Clark Renault/Dacia (Paisley),308092,Active,Scotland,Arnold Clark
Arnold Clark Renault/Dacia (Perth),308092,Active,Scotland,Arnold Clark
Arnold Clark Renault/Dacia (Preston),308092,Active,England,Arnold Clark
Arnold Clark Renault/Dacia (St. Helens),308092,Active,England,Arnold Clark
Arnold Clark Renault/Dacia (Stirling),308092,Active,Scotland,Arnold Clark
Arnold Clark Renault/Dacia (Warrington - Gemini Retail Park),308092,Active,England,Arnold Clark
Arnold Clark Renault/Dacia (Wigan),308092,Active,England,Arnold Clark
Arnold Clark Renault/Hyundai/Dacia (Dundee),308092,Active,Scotland,Arnold Clark
Arnold Clark Seat (Benton),308092,Active,Scotland,Arnold Clark
Arnold Clark Seat (Newcastle),308092,Active,England,Arnold Clark
Arnold Clark Seat/Skoda (Paisley),308092,Active,Scotland,Arnold Clark
Arnold Clark Skoda (Inverness),308092,Active,Scotland,Arnold Clark
Arnold Clark Toyota (Aberdeen),308092,Active,Scotland,Arnold Clark
Arnold Clark Toyota (Ayr),308092,Active,Scotland,Arnold Clark
Arnold Clark Toyota (Bishopbriggs),308092,Active,Scotland,Arnold Clark
Arnold Clark Toyota (East Kilbride),308092,Active,Scotland,Arnold Clark
Arnold Clark Toyota (Glasgow),308092,Active,Scotland,Arnold Clark
Arnold Clark Toyota (Paisley - Linwood),308092,Active,Scotland,Arnold Clark
Arnold Clark Toyota (Stirling),308092,Active,Scotland,Arnold Clark
Arnold Clark Used Car Centre (Birtley),308092,Active,Scotland,Arnold Clark
Arnold Clark Used Car Centre (Glasgow - Shields Road),308092,Active,Scotland,Arnold Clark
Arnold Clark Used Car Centre (Newcastle),308092,Active,England,Arnold Clark
Arnold Clark Used Car Centre (Perth),308092,Active,Scotland,Arnold Clark
Arnold Clark Used Car Centre (Warrington - Farrell Street),308092,Active,England,Arnold Clark
Arnold Clark Used Car Centre/Vauxhall (Glenrothes),308092,Active,Scotland,Arnold Clark
Arnold Clark Van Centre (Glasgow),308092,Active,Scotland,Arnold Clark
Arnold Clark Vauxhall (Alloa),308092,Active,Scotland,Arnold Clark
Arnold Clark Vauxhall (Ayr),308092,Active,Scotland,Arnold Clark
Arnold Clark Vauxhall (Blackpool),308092,Active,England,Arnold Clark
Arnold Clark Vauxhall (Dundee),308092,Active,Scotland,Arnold Clark
Arnold Clark Vauxhall (East Kilbride),308092,Active,Scotland,Arnold Clark
Arnold Clark Vauxhall (Glasgow - North),308092,Active,Scotland,Arnold Clark
Arnold Clark Vauxhall (Glasgow - South),308092,Active,Scotland,Arnold Clark
Arnold Clark Vauxhall (Glasgow),308092,Active,Scotland,Arnold Clark
Arnold Clark Vauxhall (Greenock),308092,Active,Scotland,Arnold Clark
Arnold Clark Vauxhall (Kendal),308092,Active,Scotland,Arnold Clark
Arnold Clark Vauxhall (Lenzie),308092,Active,Scotland,Arnold Clark
Arnold Clark Vauxhall (Livingston),308092,Active,Scotland,Arnold Clark
Arnold Clark Vauxhall (Manchester),308092,Active,England,Arnold Clark
Arnold Clark Vauxhall (Morecambe),308092,Active,England,Arnold Clark
Arnold Clark Vauxhall (Paisley - Linwood),308092,Active,Scotland,Arnold Clark
Arnold Clark Vauxhall (Stirling),308092,Active,Scotland,Arnold Clark
Arnold Clark Vauxhall (Stoke),308092,Active,England,Arnold Clark
Arnold Clark Vauxhall (West Calder),308092,Active,Scotland,Arnold Clark
Arnold Clark Vauxhall (Winsford),308092,Active,England,Arnold Clark
Arnold Clark Vauxhall/Fiat (Salford),308092,Active,England,Arnold Clark
Arnold Clark Vauxhall/Ford (Milngavie),308092,Active,Scotland,Arnold Clark
Arnold Clark Vauxhall/Kia (Northwich),308092,Active,England,Arnold Clark
Arnold Clark Volkswagen (Bathgate),308092,Active,England,Arnold Clark
Arnold Clark Volkswagen (Glasgow - North),308092,Active,Scotland,Arnold Clark
Arnold Clark Volkswagen (Glasgow - South),308092,Active,Scotland,Arnold Clark
Arnold Clark Volkswagen (Greenock),308092,Active,Scotland,Arnold Clark
Arnold Clark Volkswagen (Helensburgh),308092,Active,Scotland,Arnold Clark
Arnold Clark Volkswagen (Paisley - Linwood),308092,Active,Scotland,Arnold Clark
Arnold Clark Volkswagen (Rutherglen),308092,Active,Scotland,Arnold Clark
Arnold Clark Volkswagen (Stirling),308092,Active,Scotland,Arnold Clark
Arnold Clark Volkswagen (Wishaw),308092,Active,Scotland,Arnold Clark
Arnold Clark Volvo (Aberdeen),308092,Active,Scotland,Arnold Clark
Arnold Clark Volvo (Inverness),308092,Active,Scotland,Arnold Clark
Arnold Clark Volvo (Stirling),308092,Active,Scotland,Arnold Clark
Mercedes-Benz of Aberdeen,308092,Active,Scotland,Arnold Clark
Mercedes-Benz of Dundee,308092,Active,Scotland,Arnold Clark
Mercedes-Benz of Grangemouth,308092,Active,Scotland,Arnold Clark
Mercedes-Benz of Inverness,308092,Active,Scotland,Arnold Clark
Mercedes-Benz of Perth,308092,Active,Scotland,Arnold Clark
Smart of Dundee,308092,Active,Scotland,Arnold Clark
Smart of Inverness,308092,Active,Scotland,Arnold Clark
